date,cluster_nl,prediction
2023-01-01,BRAND_9259_COUNTRY_6B71,0.95123774
2023-02-01,BRAND_9259_COUNTRY_6B71,0.9553033
2023-03-01,BRAND_9259_COUNTRY_6B71,0.91763014
2023-04-01,BRAND_9259_COUNTRY_6B71,0.9560227
2023-05-01,BRAND_9259_COUNTRY_6B71,0.9597137
2023-06-01,BRAND_9259_COUNTRY_6B71,0.9806492
2023-07-01,BRAND_9259_COUNTRY_6B71,0.99542946
2023-08-01,BRAND_9259_COUNTRY_6B71,0.98902315
2023-09-01,BRAND_9259_COUNTRY_6B71,1.0366509
2023-10-01,BRAND_9259_COUNTRY_6B71,1.002066
2023-11-01,BRAND_9259_COUNTRY_6B71,1.0170426
2023-12-01,BRAND_9259_COUNTRY_6B71,1.0649531
2023-01-01,BRAND_F649_COUNTRY_1033,1.1640937
2023-02-01,BRAND_F649_COUNTRY_1033,1.165791
2023-03-01,BRAND_F649_COUNTRY_1033,1.1647931
2023-04-01,BRAND_F649_COUNTRY_1033,1.1637254
2023-05-01,BRAND_F649_COUNTRY_1033,1.1661794
2023-06-01,BRAND_F649_COUNTRY_1033,1.1878477
2023-07-01,BRAND_F649_COUNTRY_1033,1.2441697
2023-08-01,BRAND_F649_COUNTRY_1033,1.1728855
2023-09-01,BRAND_F649_COUNTRY_1033,1.204161
2023-10-01,BRAND_F649_COUNTRY_1033,1.2328893
2023-11-01,BRAND_F649_COUNTRY_1033,1.2888265
2023-12-01,BRAND_F649_COUNTRY_1033,1.3881868
2023-01-01,BRAND_8779_COUNTRY_84C8,0.89624804
2023-02-01,BRAND_8779_COUNTRY_84C8,0.8988429
2023-03-01,BRAND_8779_COUNTRY_84C8,0.87617046
2023-04-01,BRAND_8779_COUNTRY_84C8,0.90733194
2023-05-01,BRAND_8779_COUNTRY_84C8,0.9106405
2023-06-01,BRAND_8779_COUNTRY_84C8,0.90705913
2023-07-01,BRAND_8779_COUNTRY_84C8,0.88664806
2023-08-01,BRAND_8779_COUNTRY_84C8,0.87556386
2023-09-01,BRAND_8779_COUNTRY_84C8,0.88650334
2023-10-01,BRAND_8779_COUNTRY_84C8,0.87265337
2023-11-01,BRAND_8779_COUNTRY_84C8,0.9433806
2023-12-01,BRAND_8779_COUNTRY_84C8,0.9515491
2023-01-01,BRAND_9E22_COUNTRY_5180,1.1601118
2023-02-01,BRAND_9E22_COUNTRY_5180,1.1457878
2023-03-01,BRAND_9E22_COUNTRY_5180,1.1652641
2023-04-01,BRAND_9E22_COUNTRY_5180,0.99285936
2023-05-01,BRAND_9E22_COUNTRY_5180,1.2006232
2023-06-01,BRAND_9E22_COUNTRY_5180,1.2175047
2023-07-01,BRAND_9E22_COUNTRY_5180,1.2012345
2023-08-01,BRAND_9E22_COUNTRY_5180,1.1948912
2023-09-01,BRAND_9E22_COUNTRY_5180,1.2173257
2023-10-01,BRAND_9E22_COUNTRY_5180,1.3023558
2023-11-01,BRAND_9E22_COUNTRY_5180,1.2828668
2023-12-01,BRAND_9E22_COUNTRY_5180,1.2911958
2023-01-01,BRAND_C352_COUNTRY_88A3,0.9462312
2023-02-01,BRAND_C352_COUNTRY_88A3,0.95302826
2023-03-01,BRAND_C352_COUNTRY_88A3,0.8438395
2023-04-01,BRAND_C352_COUNTRY_88A3,1.0071093
2023-05-01,BRAND_C352_COUNTRY_88A3,0.8276797
2023-06-01,BRAND_C352_COUNTRY_88A3,0.8046008
2023-07-01,BRAND_C352_COUNTRY_88A3,0.864335
2023-08-01,BRAND_C352_COUNTRY_88A3,0.83642083
2023-09-01,BRAND_C352_COUNTRY_88A3,0.8500694
2023-10-01,BRAND_C352_COUNTRY_88A3,0.8598405
2023-11-01,BRAND_C352_COUNTRY_88A3,0.8634407
2023-12-01,BRAND_C352_COUNTRY_88A3,0.88596445
2023-01-01,BRAND_E57A_COUNTRY_458E,1.013741
2023-02-01,BRAND_E57A_COUNTRY_458E,1.0120404
2023-03-01,BRAND_E57A_COUNTRY_458E,1.0523256
2023-04-01,BRAND_E57A_COUNTRY_458E,1.052589
2023-05-01,BRAND_E57A_COUNTRY_458E,1.0657253
2023-06-01,BRAND_E57A_COUNTRY_458E,1.0645516
2023-07-01,BRAND_E57A_COUNTRY_458E,1.0656856
2023-08-01,BRAND_E57A_COUNTRY_458E,1.054257
2023-09-01,BRAND_E57A_COUNTRY_458E,1.0673226
2023-10-01,BRAND_E57A_COUNTRY_458E,1.0664539
2023-11-01,BRAND_E57A_COUNTRY_458E,1.0726328
2023-12-01,BRAND_E57A_COUNTRY_458E,1.0731066
2023-01-01,BRAND_9C65_COUNTRY_3536,0.7973663
2023-02-01,BRAND_9C65_COUNTRY_3536,0.80498934
2023-03-01,BRAND_9C65_COUNTRY_3536,0.64409685
2023-04-01,BRAND_9C65_COUNTRY_3536,0.6511873
2023-05-01,BRAND_9C65_COUNTRY_3536,0.644918
2023-06-01,BRAND_9C65_COUNTRY_3536,0.640544
2023-07-01,BRAND_9C65_COUNTRY_3536,0.5618487
2023-08-01,BRAND_9C65_COUNTRY_3536,0.53675926
2023-09-01,BRAND_9C65_COUNTRY_3536,0.5476988
2023-10-01,BRAND_9C65_COUNTRY_3536,0.530472
2023-11-01,BRAND_9C65_COUNTRY_3536,0.59504724
2023-12-01,BRAND_9C65_COUNTRY_3536,0.6088126
2023-01-01,BRAND_D13E_COUNTRY_9891,0.09667561
2023-02-01,BRAND_D13E_COUNTRY_9891,0.10532411
2023-03-01,BRAND_D13E_COUNTRY_9891,0.10257581
2023-04-01,BRAND_D13E_COUNTRY_9891,0.057406068
2023-05-01,BRAND_D13E_COUNTRY_9891,0.06765578
2023-06-01,BRAND_D13E_COUNTRY_9891,0.075603716
2023-07-01,BRAND_D13E_COUNTRY_9891,0.09489985
2023-08-01,BRAND_D13E_COUNTRY_9891,0.067644656
2023-09-01,BRAND_D13E_COUNTRY_9891,0.10508905
2023-10-01,BRAND_D13E_COUNTRY_9891,0.10578184
2023-11-01,BRAND_D13E_COUNTRY_9891,0.15108812
2023-12-01,BRAND_D13E_COUNTRY_9891,0.30558282
2023-01-01,BRAND_740F_COUNTRY_9891,0.51574385
2023-02-01,BRAND_740F_COUNTRY_9891,0.41163015
2023-03-01,BRAND_740F_COUNTRY_9891,0.39854658
2023-04-01,BRAND_740F_COUNTRY_9891,0.3630065
2023-05-01,BRAND_740F_COUNTRY_9891,0.3732563
2023-06-01,BRAND_740F_COUNTRY_9891,0.35440254
2023-07-01,BRAND_740F_COUNTRY_9891,0.34402725
2023-08-01,BRAND_740F_COUNTRY_9891,0.37754735
2023-09-01,BRAND_740F_COUNTRY_9891,0.37637582
2023-10-01,BRAND_740F_COUNTRY_9891,0.32605323
2023-11-01,BRAND_740F_COUNTRY_9891,0.36949039
2023-12-01,BRAND_740F_COUNTRY_9891,0.47843203
2023-01-01,BRAND_29F9_COUNTRY_5FEB,0.9922611
2023-02-01,BRAND_29F9_COUNTRY_5FEB,1.0299302
2023-03-01,BRAND_29F9_COUNTRY_5FEB,0.81819487
2023-04-01,BRAND_29F9_COUNTRY_5FEB,1.0384585
2023-05-01,BRAND_29F9_COUNTRY_5FEB,1.0996051
2023-06-01,BRAND_29F9_COUNTRY_5FEB,1.1140643
2023-07-01,BRAND_29F9_COUNTRY_5FEB,1.0575044
2023-08-01,BRAND_29F9_COUNTRY_5FEB,1.0741286
2023-09-01,BRAND_29F9_COUNTRY_5FEB,1.0777829
2023-10-01,BRAND_29F9_COUNTRY_5FEB,1.1131772
2023-11-01,BRAND_29F9_COUNTRY_5FEB,1.1486505
2023-12-01,BRAND_29F9_COUNTRY_5FEB,1.2051274
2023-01-01,BRAND_056A_COUNTRY_53A5,1.6452849
2023-02-01,BRAND_056A_COUNTRY_53A5,1.6742862
2023-03-01,BRAND_056A_COUNTRY_53A5,1.5988163
2023-04-01,BRAND_056A_COUNTRY_53A5,2.1698534
2023-05-01,BRAND_056A_COUNTRY_53A5,1.9561391
2023-06-01,BRAND_056A_COUNTRY_53A5,2.0468338
2023-07-01,BRAND_056A_COUNTRY_53A5,1.915084
2023-08-01,BRAND_056A_COUNTRY_53A5,1.8967144
2023-09-01,BRAND_056A_COUNTRY_53A5,1.9157419
2023-10-01,BRAND_056A_COUNTRY_53A5,1.8544573
2023-11-01,BRAND_056A_COUNTRY_53A5,1.6597464
2023-12-01,BRAND_056A_COUNTRY_53A5,1.8081312
2023-01-01,BRAND_D786_COUNTRY_53A5,2.1844535
2023-02-01,BRAND_D786_COUNTRY_53A5,2.3049684
2023-03-01,BRAND_D786_COUNTRY_53A5,2.1367424
2023-04-01,BRAND_D786_COUNTRY_53A5,2.3564613
2023-05-01,BRAND_D786_COUNTRY_53A5,2.1220937
2023-06-01,BRAND_D786_COUNTRY_53A5,2.2028542
2023-07-01,BRAND_D786_COUNTRY_53A5,2.1078722
2023-08-01,BRAND_D786_COUNTRY_53A5,2.104935
2023-09-01,BRAND_D786_COUNTRY_53A5,2.1065423
2023-10-01,BRAND_D786_COUNTRY_53A5,2.1741917
2023-11-01,BRAND_D786_COUNTRY_53A5,2.1703665
2023-12-01,BRAND_D786_COUNTRY_53A5,2.15947
2023-01-01,BRAND_740F_COUNTRY_53A5,1.365863
2023-02-01,BRAND_740F_COUNTRY_53A5,1.2194033
2023-03-01,BRAND_740F_COUNTRY_53A5,1.2729459
2023-04-01,BRAND_740F_COUNTRY_53A5,1.3800623
2023-05-01,BRAND_740F_COUNTRY_53A5,1.2018869
2023-06-01,BRAND_740F_COUNTRY_53A5,1.2934107
2023-07-01,BRAND_740F_COUNTRY_53A5,1.1826336
2023-08-01,BRAND_740F_COUNTRY_53A5,1.1372789
2023-09-01,BRAND_740F_COUNTRY_53A5,1.1393534
2023-10-01,BRAND_740F_COUNTRY_53A5,1.1819911
2023-11-01,BRAND_740F_COUNTRY_53A5,1.0158976
2023-12-01,BRAND_740F_COUNTRY_53A5,1.0096811
2023-01-01,BRAND_4710_COUNTRY_5FEB,1.1290209
2023-02-01,BRAND_4710_COUNTRY_5FEB,1.1531047
2023-03-01,BRAND_4710_COUNTRY_5FEB,1.5572377
2023-04-01,BRAND_4710_COUNTRY_5FEB,2.3937488
2023-05-01,BRAND_4710_COUNTRY_5FEB,2.4632092
2023-06-01,BRAND_4710_COUNTRY_5FEB,1.9275117
2023-07-01,BRAND_4710_COUNTRY_5FEB,1.6109718
2023-08-01,BRAND_4710_COUNTRY_5FEB,1.7203948
2023-09-01,BRAND_4710_COUNTRY_5FEB,2.0000653
2023-10-01,BRAND_4710_COUNTRY_5FEB,1.9969157
2023-11-01,BRAND_4710_COUNTRY_5FEB,2.2071729
2023-12-01,BRAND_4710_COUNTRY_5FEB,2.2880392
2023-01-01,BRAND_4F19_COUNTRY_5FEB,1.0547682
2023-02-01,BRAND_4F19_COUNTRY_5FEB,1.2132505
2023-03-01,BRAND_4F19_COUNTRY_5FEB,1.275451
2023-04-01,BRAND_4F19_COUNTRY_5FEB,1.5924363
2023-05-01,BRAND_4F19_COUNTRY_5FEB,1.6614089
2023-06-01,BRAND_4F19_COUNTRY_5FEB,2.1489706
2023-07-01,BRAND_4F19_COUNTRY_5FEB,1.5775499
2023-08-01,BRAND_4F19_COUNTRY_5FEB,2.1891007
2023-09-01,BRAND_4F19_COUNTRY_5FEB,1.5693725
2023-10-01,BRAND_4F19_COUNTRY_5FEB,1.7223495
2023-11-01,BRAND_4F19_COUNTRY_5FEB,2.4538796
2023-12-01,BRAND_4F19_COUNTRY_5FEB,2.4932284
2023-01-01,BRAND_B79F_COUNTRY_B6AE,0.8729162
2023-02-01,BRAND_B79F_COUNTRY_B6AE,0.8658625
2023-03-01,BRAND_B79F_COUNTRY_B6AE,0.868503
2023-04-01,BRAND_B79F_COUNTRY_B6AE,0.863747
2023-05-01,BRAND_B79F_COUNTRY_B6AE,0.8653199
2023-06-01,BRAND_B79F_COUNTRY_B6AE,0.865233
2023-07-01,BRAND_B79F_COUNTRY_B6AE,0.8640597
2023-08-01,BRAND_B79F_COUNTRY_B6AE,0.85371256
2023-09-01,BRAND_B79F_COUNTRY_B6AE,0.85549355
2023-10-01,BRAND_B79F_COUNTRY_B6AE,0.8466531
2023-11-01,BRAND_B79F_COUNTRY_B6AE,0.8494957
2023-12-01,BRAND_B79F_COUNTRY_B6AE,0.84065247
2023-01-01,BRAND_D72F_COUNTRY_3536,1.1255616
2023-02-01,BRAND_D72F_COUNTRY_3536,1.1348416
2023-03-01,BRAND_D72F_COUNTRY_3536,1.0085151
2023-04-01,BRAND_D72F_COUNTRY_3536,1.0130205
2023-05-01,BRAND_D72F_COUNTRY_3536,1.0672845
2023-06-01,BRAND_D72F_COUNTRY_3536,1.0640695
2023-07-01,BRAND_D72F_COUNTRY_3536,1.0471013
2023-08-01,BRAND_D72F_COUNTRY_3536,0.9985222
2023-09-01,BRAND_D72F_COUNTRY_3536,1.0325298
2023-10-01,BRAND_D72F_COUNTRY_3536,1.0256728
2023-11-01,BRAND_D72F_COUNTRY_3536,1.0494235
2023-12-01,BRAND_D72F_COUNTRY_3536,1.0513357
2023-01-01,BRAND_E57A_COUNTRY_6C16,1.5766379
2023-02-01,BRAND_E57A_COUNTRY_6C16,1.5740738
2023-03-01,BRAND_E57A_COUNTRY_6C16,1.5783173
2023-04-01,BRAND_E57A_COUNTRY_6C16,1.5588452
2023-05-01,BRAND_E57A_COUNTRY_6C16,1.5684068
2023-06-01,BRAND_E57A_COUNTRY_6C16,1.580739
2023-07-01,BRAND_E57A_COUNTRY_6C16,1.5681309
2023-08-01,BRAND_E57A_COUNTRY_6C16,1.559497
2023-09-01,BRAND_E57A_COUNTRY_6C16,1.5720862
2023-10-01,BRAND_E57A_COUNTRY_6C16,1.5736072
2023-11-01,BRAND_E57A_COUNTRY_6C16,1.5743387
2023-12-01,BRAND_E57A_COUNTRY_6C16,1.541451
2023-01-01,BRAND_740F_COUNTRY_6C16,0.78206736
2023-02-01,BRAND_740F_COUNTRY_6C16,0.783462
2023-03-01,BRAND_740F_COUNTRY_6C16,0.7863979
2023-04-01,BRAND_740F_COUNTRY_6C16,0.7670901
2023-05-01,BRAND_740F_COUNTRY_6C16,0.7766517
2023-06-01,BRAND_740F_COUNTRY_6C16,0.7927029
2023-07-01,BRAND_740F_COUNTRY_6C16,0.76770407
2023-08-01,BRAND_740F_COUNTRY_6C16,0.76430744
2023-09-01,BRAND_740F_COUNTRY_6C16,0.7747989
2023-10-01,BRAND_740F_COUNTRY_6C16,0.78209764
2023-11-01,BRAND_740F_COUNTRY_6C16,0.80671185
2023-12-01,BRAND_740F_COUNTRY_6C16,0.7998889
2023-01-01,BRAND_056A_COUNTRY_9891,0.6940947
2023-02-01,BRAND_056A_COUNTRY_9891,0.71072114
2023-03-01,BRAND_056A_COUNTRY_9891,0.74337393
2023-04-01,BRAND_056A_COUNTRY_9891,0.7307192
2023-05-01,BRAND_056A_COUNTRY_9891,0.64429694
2023-06-01,BRAND_056A_COUNTRY_9891,0.679098
2023-07-01,BRAND_056A_COUNTRY_9891,0.7836978
2023-08-01,BRAND_056A_COUNTRY_9891,0.6886985
2023-09-01,BRAND_056A_COUNTRY_9891,0.7597106
2023-10-01,BRAND_056A_COUNTRY_9891,0.7397926
2023-11-01,BRAND_056A_COUNTRY_9891,0.8051302
2023-12-01,BRAND_056A_COUNTRY_9891,0.899979
2023-01-01,BRAND_E57A_COUNTRY_9891,1.0804062
2023-02-01,BRAND_E57A_COUNTRY_9891,1.1378925
2023-03-01,BRAND_E57A_COUNTRY_9891,1.0853608
2023-04-01,BRAND_E57A_COUNTRY_9891,1.1274635
2023-05-01,BRAND_E57A_COUNTRY_9891,1.0781871
2023-06-01,BRAND_E57A_COUNTRY_9891,1.1451722
2023-07-01,BRAND_E57A_COUNTRY_9891,1.2076669
2023-08-01,BRAND_E57A_COUNTRY_9891,1.1277772
2023-09-01,BRAND_E57A_COUNTRY_9891,1.0671464
2023-10-01,BRAND_E57A_COUNTRY_9891,1.098546
2023-11-01,BRAND_E57A_COUNTRY_9891,1.166124
2023-12-01,BRAND_E57A_COUNTRY_9891,1.0855067
2023-01-01,BRAND_9259_COUNTRY_6C16,0.89440185
2023-02-01,BRAND_9259_COUNTRY_6C16,0.8771029
2023-03-01,BRAND_9259_COUNTRY_6C16,0.85839456
2023-04-01,BRAND_9259_COUNTRY_6C16,0.8386507
2023-05-01,BRAND_9259_COUNTRY_6C16,0.88029456
2023-06-01,BRAND_9259_COUNTRY_6C16,0.86578584
2023-07-01,BRAND_9259_COUNTRY_6C16,0.89565647
2023-08-01,BRAND_9259_COUNTRY_6C16,0.89377534
2023-09-01,BRAND_9259_COUNTRY_6C16,0.86979914
2023-10-01,BRAND_9259_COUNTRY_6C16,0.89547586
2023-11-01,BRAND_9259_COUNTRY_6C16,0.90277755
2023-12-01,BRAND_9259_COUNTRY_6C16,0.93099934
2023-01-01,BRAND_056A_COUNTRY_4442,0.9862876
2023-02-01,BRAND_056A_COUNTRY_4442,0.99903667
2023-03-01,BRAND_056A_COUNTRY_4442,0.8803186
2023-04-01,BRAND_056A_COUNTRY_4442,0.84857124
2023-05-01,BRAND_056A_COUNTRY_4442,0.8918097
2023-06-01,BRAND_056A_COUNTRY_4442,0.951268
2023-07-01,BRAND_056A_COUNTRY_4442,0.9898299
2023-08-01,BRAND_056A_COUNTRY_4442,0.9814949
2023-09-01,BRAND_056A_COUNTRY_4442,1.0871075
2023-10-01,BRAND_056A_COUNTRY_4442,1.1975192
2023-11-01,BRAND_056A_COUNTRY_4442,1.206656
2023-12-01,BRAND_056A_COUNTRY_4442,1.1956522
2023-01-01,BRAND_C352_COUNTRY_9488,1.1698931
2023-02-01,BRAND_C352_COUNTRY_9488,1.1715819
2023-03-01,BRAND_C352_COUNTRY_9488,1.0438267
2023-04-01,BRAND_C352_COUNTRY_9488,1.0363466
2023-05-01,BRAND_C352_COUNTRY_9488,1.0429521
2023-06-01,BRAND_C352_COUNTRY_9488,1.0508904
2023-07-01,BRAND_C352_COUNTRY_9488,1.0470253
2023-08-01,BRAND_C352_COUNTRY_9488,1.0090746
2023-09-01,BRAND_C352_COUNTRY_9488,1.0389246
2023-10-01,BRAND_C352_COUNTRY_9488,1.0652326
2023-11-01,BRAND_C352_COUNTRY_9488,1.0761724
2023-12-01,BRAND_C352_COUNTRY_9488,1.1048002
2023-01-01,BRAND_C352_COUNTRY_445D,1.5494747
2023-02-01,BRAND_C352_COUNTRY_445D,1.6045296
2023-03-01,BRAND_C352_COUNTRY_445D,1.4496742
2023-04-01,BRAND_C352_COUNTRY_445D,1.465904
2023-05-01,BRAND_C352_COUNTRY_445D,1.5981939
2023-06-01,BRAND_C352_COUNTRY_445D,1.6848644
2023-07-01,BRAND_C352_COUNTRY_445D,1.3786448
2023-08-01,BRAND_C352_COUNTRY_445D,1.4714569
2023-09-01,BRAND_C352_COUNTRY_445D,1.5022231
2023-10-01,BRAND_C352_COUNTRY_445D,1.6179528
2023-11-01,BRAND_C352_COUNTRY_445D,1.6567543
2023-12-01,BRAND_C352_COUNTRY_445D,1.4726496
2023-01-01,BRAND_740F_COUNTRY_3AD0,0.8301823
2023-02-01,BRAND_740F_COUNTRY_3AD0,0.80531394
2023-03-01,BRAND_740F_COUNTRY_3AD0,0.8399366
2023-04-01,BRAND_740F_COUNTRY_3AD0,0.8014239
2023-05-01,BRAND_740F_COUNTRY_3AD0,0.84613323
2023-06-01,BRAND_740F_COUNTRY_3AD0,0.8591892
2023-07-01,BRAND_740F_COUNTRY_3AD0,0.8120505
2023-08-01,BRAND_740F_COUNTRY_3AD0,0.806152
2023-09-01,BRAND_740F_COUNTRY_3AD0,0.83347595
2023-10-01,BRAND_740F_COUNTRY_3AD0,0.8124614
2023-11-01,BRAND_740F_COUNTRY_3AD0,0.8986259
2023-12-01,BRAND_740F_COUNTRY_3AD0,0.8963941
2023-01-01,BRAND_267B_COUNTRY_9488,0.7279548
2023-02-01,BRAND_267B_COUNTRY_9488,0.7565346
2023-03-01,BRAND_267B_COUNTRY_9488,0.6833858
2023-04-01,BRAND_267B_COUNTRY_9488,0.6803225
2023-05-01,BRAND_267B_COUNTRY_9488,0.69446504
2023-06-01,BRAND_267B_COUNTRY_9488,0.6741718
2023-07-01,BRAND_267B_COUNTRY_9488,0.74094677
2023-08-01,BRAND_267B_COUNTRY_9488,0.7232434
2023-09-01,BRAND_267B_COUNTRY_9488,0.714758
2023-10-01,BRAND_267B_COUNTRY_9488,0.8068532
2023-11-01,BRAND_267B_COUNTRY_9488,0.7957272
2023-12-01,BRAND_267B_COUNTRY_9488,0.8236885
2023-01-01,BRAND_6200_COUNTRY_9488,0.85329914
2023-02-01,BRAND_6200_COUNTRY_9488,0.8700907
2023-03-01,BRAND_6200_COUNTRY_9488,0.93251544
2023-04-01,BRAND_6200_COUNTRY_9488,1.0335834
2023-05-01,BRAND_6200_COUNTRY_9488,1.0960273
2023-06-01,BRAND_6200_COUNTRY_9488,1.1324625
2023-07-01,BRAND_6200_COUNTRY_9488,1.2475152
2023-08-01,BRAND_6200_COUNTRY_9488,1.2150546
2023-09-01,BRAND_6200_COUNTRY_9488,1.2200638
2023-10-01,BRAND_6200_COUNTRY_9488,1.3237245
2023-11-01,BRAND_6200_COUNTRY_9488,1.3519142
2023-12-01,BRAND_6200_COUNTRY_9488,1.361402
2023-01-01,BRAND_9259_COUNTRY_A67D,0.9665727
2023-02-01,BRAND_9259_COUNTRY_A67D,1.1617209
2023-03-01,BRAND_9259_COUNTRY_A67D,1.0917493
2023-04-01,BRAND_9259_COUNTRY_A67D,1.0597739
2023-05-01,BRAND_9259_COUNTRY_A67D,1.0985137
2023-06-01,BRAND_9259_COUNTRY_A67D,0.97479355
2023-07-01,BRAND_9259_COUNTRY_A67D,1.0977921
2023-08-01,BRAND_9259_COUNTRY_A67D,1.0803533
2023-09-01,BRAND_9259_COUNTRY_A67D,1.1048486
2023-10-01,BRAND_9259_COUNTRY_A67D,1.1177489
2023-11-01,BRAND_9259_COUNTRY_A67D,1.0497403
2023-12-01,BRAND_9259_COUNTRY_A67D,1.1306682
2023-01-01,BRAND_E57A_COUNTRY_D5B9,0.45154774
2023-02-01,BRAND_E57A_COUNTRY_D5B9,0.31496727
2023-03-01,BRAND_E57A_COUNTRY_D5B9,0.45430842
2023-04-01,BRAND_E57A_COUNTRY_D5B9,1.1173084
2023-05-01,BRAND_E57A_COUNTRY_D5B9,1.1205922
2023-06-01,BRAND_E57A_COUNTRY_D5B9,1.088371
2023-07-01,BRAND_E57A_COUNTRY_D5B9,1.1197066
2023-08-01,BRAND_E57A_COUNTRY_D5B9,1.0773606
2023-09-01,BRAND_E57A_COUNTRY_D5B9,1.1449561
2023-10-01,BRAND_E57A_COUNTRY_D5B9,1.0935397
2023-11-01,BRAND_E57A_COUNTRY_D5B9,1.1954372
2023-12-01,BRAND_E57A_COUNTRY_D5B9,1.1774912
2023-01-01,BRAND_E57A_COUNTRY_53A5,2.038172
2023-02-01,BRAND_E57A_COUNTRY_53A5,1.8890656
2023-03-01,BRAND_E57A_COUNTRY_53A5,2.0056777
2023-04-01,BRAND_E57A_COUNTRY_53A5,2.1840286
2023-05-01,BRAND_E57A_COUNTRY_53A5,1.9743541
2023-06-01,BRAND_E57A_COUNTRY_53A5,2.0736887
2023-07-01,BRAND_E57A_COUNTRY_53A5,1.9764107
2023-08-01,BRAND_E57A_COUNTRY_53A5,1.9626526
2023-09-01,BRAND_E57A_COUNTRY_53A5,2.0186825
2023-10-01,BRAND_E57A_COUNTRY_53A5,2.1193163
2023-11-01,BRAND_E57A_COUNTRY_53A5,2.0991557
2023-12-01,BRAND_E57A_COUNTRY_53A5,2.16314
2023-01-01,BRAND_9259_COUNTRY_4242,1.1996322
2023-02-01,BRAND_9259_COUNTRY_4242,1.2164282
2023-03-01,BRAND_9259_COUNTRY_4242,1.2176795
2023-04-01,BRAND_9259_COUNTRY_4242,1.1524805
2023-05-01,BRAND_9259_COUNTRY_4242,0.5832655
2023-06-01,BRAND_9259_COUNTRY_4242,1.1486849
2023-07-01,BRAND_9259_COUNTRY_4242,1.1504039
2023-08-01,BRAND_9259_COUNTRY_4242,1.0259532
2023-09-01,BRAND_9259_COUNTRY_4242,1.0330726
2023-10-01,BRAND_9259_COUNTRY_4242,1.0465413
2023-11-01,BRAND_9259_COUNTRY_4242,1.0564804
2023-12-01,BRAND_9259_COUNTRY_4242,1.111122
2023-01-01,BRAND_D786_COUNTRY_5A54,0.9952859
2023-02-01,BRAND_D786_COUNTRY_5A54,0.99191135
2023-03-01,BRAND_D786_COUNTRY_5A54,0.9537293
2023-04-01,BRAND_D786_COUNTRY_5A54,0.94402844
2023-05-01,BRAND_D786_COUNTRY_5A54,0.9508322
2023-06-01,BRAND_D786_COUNTRY_5A54,0.9695484
2023-07-01,BRAND_D786_COUNTRY_5A54,0.95828784
2023-08-01,BRAND_D786_COUNTRY_5A54,0.95035005
2023-09-01,BRAND_D786_COUNTRY_5A54,0.96888685
2023-10-01,BRAND_D786_COUNTRY_5A54,0.9681306
2023-11-01,BRAND_D786_COUNTRY_5A54,1.0453616
2023-12-01,BRAND_D786_COUNTRY_5A54,1.0696981
2023-01-01,BRAND_7BEC_COUNTRY_445D,2.1637394
2023-02-01,BRAND_7BEC_COUNTRY_445D,1.5059729
2023-03-01,BRAND_7BEC_COUNTRY_445D,1.5875441
2023-04-01,BRAND_7BEC_COUNTRY_445D,1.5004191
2023-05-01,BRAND_7BEC_COUNTRY_445D,2.1198487
2023-06-01,BRAND_7BEC_COUNTRY_445D,2.095424
2023-07-01,BRAND_7BEC_COUNTRY_445D,2.025462
2023-08-01,BRAND_7BEC_COUNTRY_445D,1.5515246
2023-09-01,BRAND_7BEC_COUNTRY_445D,1.2580376
2023-10-01,BRAND_7BEC_COUNTRY_445D,1.4227054
2023-11-01,BRAND_7BEC_COUNTRY_445D,2.8495746
2023-12-01,BRAND_7BEC_COUNTRY_445D,1.5521847
2023-01-01,BRAND_267B_COUNTRY_0C7D,0.8754867
2023-02-01,BRAND_267B_COUNTRY_0C7D,0.96551216
2023-03-01,BRAND_267B_COUNTRY_0C7D,0.83362424
2023-04-01,BRAND_267B_COUNTRY_0C7D,0.8985208
2023-05-01,BRAND_267B_COUNTRY_0C7D,0.90004843
2023-06-01,BRAND_267B_COUNTRY_0C7D,0.8154857
2023-07-01,BRAND_267B_COUNTRY_0C7D,1.0857613
2023-08-01,BRAND_267B_COUNTRY_0C7D,1.0612961
2023-09-01,BRAND_267B_COUNTRY_0C7D,1.058987
2023-10-01,BRAND_267B_COUNTRY_0C7D,1.1057143
2023-11-01,BRAND_267B_COUNTRY_0C7D,1.1501629
2023-12-01,BRAND_267B_COUNTRY_0C7D,1.1769302
2023-01-01,BRAND_2D13_COUNTRY_0C7D,0.75705934
2023-02-01,BRAND_2D13_COUNTRY_0C7D,0.77523595
2023-03-01,BRAND_2D13_COUNTRY_0C7D,0.8118487
2023-04-01,BRAND_2D13_COUNTRY_0C7D,0.79565793
2023-05-01,BRAND_2D13_COUNTRY_0C7D,0.7973937
2023-06-01,BRAND_2D13_COUNTRY_0C7D,0.78341097
2023-07-01,BRAND_2D13_COUNTRY_0C7D,0.7927597
2023-08-01,BRAND_2D13_COUNTRY_0C7D,0.77856386
2023-09-01,BRAND_2D13_COUNTRY_0C7D,0.780844
2023-10-01,BRAND_2D13_COUNTRY_0C7D,0.8078716
2023-11-01,BRAND_2D13_COUNTRY_0C7D,0.8157994
2023-12-01,BRAND_2D13_COUNTRY_0C7D,0.8686738
2023-01-01,BRAND_F649_COUNTRY_A67D,1.4160608
2023-02-01,BRAND_F649_COUNTRY_A67D,1.2212057
2023-03-01,BRAND_F649_COUNTRY_A67D,1.0973191
2023-04-01,BRAND_F649_COUNTRY_A67D,1.0715944
2023-05-01,BRAND_F649_COUNTRY_A67D,1.1210595
2023-06-01,BRAND_F649_COUNTRY_A67D,1.1236184
2023-07-01,BRAND_F649_COUNTRY_A67D,1.2197149
2023-08-01,BRAND_F649_COUNTRY_A67D,1.114612
2023-09-01,BRAND_F649_COUNTRY_A67D,1.1823809
2023-10-01,BRAND_F649_COUNTRY_A67D,1.1301118
2023-11-01,BRAND_F649_COUNTRY_A67D,1.4798377
2023-12-01,BRAND_F649_COUNTRY_A67D,1.1335005
2023-01-01,BRAND_D786_COUNTRY_3AD0,1.0313529
2023-02-01,BRAND_D786_COUNTRY_3AD0,1.0377566
2023-03-01,BRAND_D786_COUNTRY_3AD0,1.1144004
2023-04-01,BRAND_D786_COUNTRY_3AD0,1.1557189
2023-05-01,BRAND_D786_COUNTRY_3AD0,1.2119771
2023-06-01,BRAND_D786_COUNTRY_3AD0,1.1995591
2023-07-01,BRAND_D786_COUNTRY_3AD0,1.2573988
2023-08-01,BRAND_D786_COUNTRY_3AD0,1.2467617
2023-09-01,BRAND_D786_COUNTRY_3AD0,1.2998126
2023-10-01,BRAND_D786_COUNTRY_3AD0,1.3025577
2023-11-01,BRAND_D786_COUNTRY_3AD0,1.3524206
2023-12-01,BRAND_D786_COUNTRY_3AD0,1.3562931
2023-01-01,BRAND_A5D5_COUNTRY_7D31,0.8974461
2023-02-01,BRAND_A5D5_COUNTRY_7D31,0.8128766
2023-03-01,BRAND_A5D5_COUNTRY_7D31,0.7838841
2023-04-01,BRAND_A5D5_COUNTRY_7D31,0.86247975
2023-05-01,BRAND_A5D5_COUNTRY_7D31,0.88741046
2023-06-01,BRAND_A5D5_COUNTRY_7D31,0.9411531
2023-07-01,BRAND_A5D5_COUNTRY_7D31,0.97496986
2023-08-01,BRAND_A5D5_COUNTRY_7D31,1.0326462
2023-09-01,BRAND_A5D5_COUNTRY_7D31,1.0687073
2023-10-01,BRAND_A5D5_COUNTRY_7D31,0.9560866
2023-11-01,BRAND_A5D5_COUNTRY_7D31,1.1255682
2023-12-01,BRAND_A5D5_COUNTRY_7D31,1.1504606
2023-01-01,BRAND_ED43_COUNTRY_7D31,0.6336246
2023-02-01,BRAND_ED43_COUNTRY_7D31,0.6028449
2023-03-01,BRAND_ED43_COUNTRY_7D31,0.56549454
2023-04-01,BRAND_ED43_COUNTRY_7D31,0.735832
2023-05-01,BRAND_ED43_COUNTRY_7D31,0.781988
2023-06-01,BRAND_ED43_COUNTRY_7D31,0.86406946
2023-07-01,BRAND_ED43_COUNTRY_7D31,0.9336897
2023-08-01,BRAND_ED43_COUNTRY_7D31,0.99172366
2023-09-01,BRAND_ED43_COUNTRY_7D31,1.01731
2023-10-01,BRAND_ED43_COUNTRY_7D31,0.84017384
2023-11-01,BRAND_ED43_COUNTRY_7D31,0.8956289
2023-12-01,BRAND_ED43_COUNTRY_7D31,0.8688684
2023-01-01,BRAND_3CEB_COUNTRY_7D31,1.1071986
2023-02-01,BRAND_3CEB_COUNTRY_7D31,0.9393912
2023-03-01,BRAND_3CEB_COUNTRY_7D31,0.86097556
2023-04-01,BRAND_3CEB_COUNTRY_7D31,0.5899204
2023-05-01,BRAND_3CEB_COUNTRY_7D31,0.5673006
2023-06-01,BRAND_3CEB_COUNTRY_7D31,0.8370062
2023-07-01,BRAND_3CEB_COUNTRY_7D31,0.8721211
2023-08-01,BRAND_3CEB_COUNTRY_7D31,0.9255123
2023-09-01,BRAND_3CEB_COUNTRY_7D31,0.9349871
2023-10-01,BRAND_3CEB_COUNTRY_7D31,0.6283551
2023-11-01,BRAND_3CEB_COUNTRY_7D31,0.7085294
2023-12-01,BRAND_3CEB_COUNTRY_7D31,0.9266889
2023-01-01,BRAND_F649_COUNTRY_4D48,1.2921
2023-02-01,BRAND_F649_COUNTRY_4D48,1.2757952
2023-03-01,BRAND_F649_COUNTRY_4D48,1.2616007
2023-04-01,BRAND_F649_COUNTRY_4D48,1.3224277
2023-05-01,BRAND_F649_COUNTRY_4D48,1.3436084
2023-06-01,BRAND_F649_COUNTRY_4D48,1.3707417
2023-07-01,BRAND_F649_COUNTRY_4D48,1.2942697
2023-08-01,BRAND_F649_COUNTRY_4D48,1.2386582
2023-09-01,BRAND_F649_COUNTRY_4D48,1.2657738
2023-10-01,BRAND_F649_COUNTRY_4D48,1.2193563
2023-11-01,BRAND_F649_COUNTRY_4D48,1.2259965
2023-12-01,BRAND_F649_COUNTRY_4D48,1.2012334
2023-01-01,BRAND_C352_COUNTRY_4D48,1.3087555
2023-02-01,BRAND_C352_COUNTRY_4D48,1.2908064
2023-03-01,BRAND_C352_COUNTRY_4D48,1.1871576
2023-04-01,BRAND_C352_COUNTRY_4D48,1.244589
2023-05-01,BRAND_C352_COUNTRY_4D48,1.3172117
2023-06-01,BRAND_C352_COUNTRY_4D48,1.3291434
2023-07-01,BRAND_C352_COUNTRY_4D48,1.2713112
2023-08-01,BRAND_C352_COUNTRY_4D48,1.2183927
2023-09-01,BRAND_C352_COUNTRY_4D48,1.2856842
2023-10-01,BRAND_C352_COUNTRY_4D48,1.3076837
2023-11-01,BRAND_C352_COUNTRY_4D48,1.3331504
2023-12-01,BRAND_C352_COUNTRY_4D48,1.2933044
2023-01-01,BRAND_6646_COUNTRY_5FEB,0.76699305
2023-02-01,BRAND_6646_COUNTRY_5FEB,0.9508348
2023-03-01,BRAND_6646_COUNTRY_5FEB,0.95578164
2023-04-01,BRAND_6646_COUNTRY_5FEB,1.0895227
2023-05-01,BRAND_6646_COUNTRY_5FEB,1.0892532
2023-06-01,BRAND_6646_COUNTRY_5FEB,1.2498132
2023-07-01,BRAND_6646_COUNTRY_5FEB,1.2713593
2023-08-01,BRAND_6646_COUNTRY_5FEB,1.279637
2023-09-01,BRAND_6646_COUNTRY_5FEB,1.2863152
2023-10-01,BRAND_6646_COUNTRY_5FEB,1.4023035
2023-11-01,BRAND_6646_COUNTRY_5FEB,1.6049895
2023-12-01,BRAND_6646_COUNTRY_5FEB,1.6473869
2023-01-01,BRAND_740F_COUNTRY_4D48,0.48185235
2023-02-01,BRAND_740F_COUNTRY_4D48,0.47972226
2023-03-01,BRAND_740F_COUNTRY_4D48,0.49826223
2023-04-01,BRAND_740F_COUNTRY_4D48,0.47927463
2023-05-01,BRAND_740F_COUNTRY_4D48,0.49432266
2023-06-01,BRAND_740F_COUNTRY_4D48,0.50800425
2023-07-01,BRAND_740F_COUNTRY_4D48,0.3920128
2023-08-01,BRAND_740F_COUNTRY_4D48,0.37265614
2023-09-01,BRAND_740F_COUNTRY_4D48,0.38798234
2023-10-01,BRAND_740F_COUNTRY_4D48,0.38228256
2023-11-01,BRAND_740F_COUNTRY_4D48,0.3581462
2023-12-01,BRAND_740F_COUNTRY_4D48,0.3463375
2023-01-01,BRAND_BDB6_COUNTRY_5FEB,1.059219
2023-02-01,BRAND_BDB6_COUNTRY_5FEB,1.0984172
2023-03-01,BRAND_BDB6_COUNTRY_5FEB,1.0971335
2023-04-01,BRAND_BDB6_COUNTRY_5FEB,1.1153883
2023-05-01,BRAND_BDB6_COUNTRY_5FEB,1.122469
2023-06-01,BRAND_BDB6_COUNTRY_5FEB,1.2488809
2023-07-01,BRAND_BDB6_COUNTRY_5FEB,1.2734746
2023-08-01,BRAND_BDB6_COUNTRY_5FEB,1.2609004
2023-09-01,BRAND_BDB6_COUNTRY_5FEB,1.274343
2023-10-01,BRAND_BDB6_COUNTRY_5FEB,1.3262687
2023-11-01,BRAND_BDB6_COUNTRY_5FEB,1.3780123
2023-12-01,BRAND_BDB6_COUNTRY_5FEB,1.3224199
2023-01-01,BRAND_E57A_COUNTRY_3AD0,1.1254958
2023-02-01,BRAND_E57A_COUNTRY_3AD0,1.1296836
2023-03-01,BRAND_E57A_COUNTRY_3AD0,1.1345986
2023-04-01,BRAND_E57A_COUNTRY_3AD0,0.9476086
2023-05-01,BRAND_E57A_COUNTRY_3AD0,1.1424497
2023-06-01,BRAND_E57A_COUNTRY_3AD0,1.1514769
2023-07-01,BRAND_E57A_COUNTRY_3AD0,1.1333884
2023-08-01,BRAND_E57A_COUNTRY_3AD0,1.1253647
2023-09-01,BRAND_E57A_COUNTRY_3AD0,1.127667
2023-10-01,BRAND_E57A_COUNTRY_3AD0,1.1313754
2023-11-01,BRAND_E57A_COUNTRY_3AD0,1.1824517
2023-12-01,BRAND_E57A_COUNTRY_3AD0,1.2013698
2023-01-01,BRAND_B94B_COUNTRY_5FEB,1.0508721
2023-02-01,BRAND_B94B_COUNTRY_5FEB,1.0900702
2023-03-01,BRAND_B94B_COUNTRY_5FEB,1.0075232
2023-04-01,BRAND_B94B_COUNTRY_5FEB,1.1027098
2023-05-01,BRAND_B94B_COUNTRY_5FEB,1.1892064
2023-06-01,BRAND_B94B_COUNTRY_5FEB,1.305943
2023-07-01,BRAND_B94B_COUNTRY_5FEB,1.2419559
2023-08-01,BRAND_B94B_COUNTRY_5FEB,1.2022593
2023-09-01,BRAND_B94B_COUNTRY_5FEB,1.2228714
2023-10-01,BRAND_B94B_COUNTRY_5FEB,1.2833345
2023-11-01,BRAND_B94B_COUNTRY_5FEB,1.4312867
2023-12-01,BRAND_B94B_COUNTRY_5FEB,1.3536443
2023-01-01,BRAND_E57A_COUNTRY_4D48,0.8370875
2023-02-01,BRAND_E57A_COUNTRY_4D48,0.8351503
2023-03-01,BRAND_E57A_COUNTRY_4D48,0.8633005
2023-04-01,BRAND_E57A_COUNTRY_4D48,0.86334574
2023-05-01,BRAND_E57A_COUNTRY_4D48,0.8783937
2023-06-01,BRAND_E57A_COUNTRY_4D48,0.89328957
2023-07-01,BRAND_E57A_COUNTRY_4D48,0.8057421
2023-08-01,BRAND_E57A_COUNTRY_4D48,0.78562903
2023-09-01,BRAND_E57A_COUNTRY_4D48,0.8222355
2023-10-01,BRAND_E57A_COUNTRY_4D48,0.83305484
2023-11-01,BRAND_E57A_COUNTRY_4D48,0.83304846
2023-12-01,BRAND_E57A_COUNTRY_4D48,0.82657975
2023-01-01,BRAND_C352_COUNTRY_5A54,1.0074824
2023-02-01,BRAND_C352_COUNTRY_5A54,0.9934787
2023-03-01,BRAND_C352_COUNTRY_5A54,0.87810415
2023-04-01,BRAND_C352_COUNTRY_5A54,0.89297736
2023-05-01,BRAND_C352_COUNTRY_5A54,0.98008084
2023-06-01,BRAND_C352_COUNTRY_5A54,0.9827599
2023-07-01,BRAND_C352_COUNTRY_5A54,0.99704874
2023-08-01,BRAND_C352_COUNTRY_5A54,0.97227395
2023-09-01,BRAND_C352_COUNTRY_5A54,0.989942
2023-10-01,BRAND_C352_COUNTRY_5A54,0.97544956
2023-11-01,BRAND_C352_COUNTRY_5A54,0.96217316
2023-12-01,BRAND_C352_COUNTRY_5A54,0.9938217
2023-01-01,BRAND_89E4_COUNTRY_7D31,0.8423443
2023-02-01,BRAND_89E4_COUNTRY_7D31,0.820543
2023-03-01,BRAND_89E4_COUNTRY_7D31,0.87934357
2023-04-01,BRAND_89E4_COUNTRY_7D31,0.9503769
2023-05-01,BRAND_89E4_COUNTRY_7D31,0.9062483
2023-06-01,BRAND_89E4_COUNTRY_7D31,0.9806222
2023-07-01,BRAND_89E4_COUNTRY_7D31,1.0079466
2023-08-01,BRAND_89E4_COUNTRY_7D31,1.0729189
2023-09-01,BRAND_89E4_COUNTRY_7D31,1.1317344
2023-10-01,BRAND_89E4_COUNTRY_7D31,0.9639308
2023-11-01,BRAND_89E4_COUNTRY_7D31,1.0263861
2023-12-01,BRAND_89E4_COUNTRY_7D31,0.9724906
2023-01-01,BRAND_056A_COUNTRY_3AD0,0.80619746
2023-02-01,BRAND_056A_COUNTRY_3AD0,0.79086906
2023-03-01,BRAND_056A_COUNTRY_3AD0,0.8163179
2023-04-01,BRAND_056A_COUNTRY_3AD0,0.9526239
2023-05-01,BRAND_056A_COUNTRY_3AD0,0.976299
2023-06-01,BRAND_056A_COUNTRY_3AD0,1.0032489
2023-07-01,BRAND_056A_COUNTRY_3AD0,1.0396621
2023-08-01,BRAND_056A_COUNTRY_3AD0,1.0336103
2023-09-01,BRAND_056A_COUNTRY_3AD0,1.0277267
2023-10-01,BRAND_056A_COUNTRY_3AD0,1.0228171
2023-11-01,BRAND_056A_COUNTRY_3AD0,1.0841684
2023-12-01,BRAND_056A_COUNTRY_3AD0,1.0961397
2023-01-01,BRAND_E9AB_COUNTRY_5A54,1.1605039
2023-02-01,BRAND_E9AB_COUNTRY_5A54,1.1642643
2023-03-01,BRAND_E9AB_COUNTRY_5A54,1.1242179
2023-04-01,BRAND_E9AB_COUNTRY_5A54,1.166989
2023-05-01,BRAND_E9AB_COUNTRY_5A54,1.1741972
2023-06-01,BRAND_E9AB_COUNTRY_5A54,1.1850172
2023-07-01,BRAND_E9AB_COUNTRY_5A54,1.2122774
2023-08-01,BRAND_E9AB_COUNTRY_5A54,1.1758356
2023-09-01,BRAND_E9AB_COUNTRY_5A54,1.2033405
2023-10-01,BRAND_E9AB_COUNTRY_5A54,1.1570938
2023-11-01,BRAND_E9AB_COUNTRY_5A54,1.1584557
2023-12-01,BRAND_E9AB_COUNTRY_5A54,1.2293127
2023-01-01,BRAND_C94B_COUNTRY_5A54,0.8953182
2023-02-01,BRAND_C94B_COUNTRY_5A54,0.9324257
2023-03-01,BRAND_C94B_COUNTRY_5A54,0.96243274
2023-04-01,BRAND_C94B_COUNTRY_5A54,1.0943009
2023-05-01,BRAND_C94B_COUNTRY_5A54,1.3007289
2023-06-01,BRAND_C94B_COUNTRY_5A54,1.1535403
2023-07-01,BRAND_C94B_COUNTRY_5A54,1.1129277
2023-08-01,BRAND_C94B_COUNTRY_5A54,1.1091763
2023-09-01,BRAND_C94B_COUNTRY_5A54,1.3020946
2023-10-01,BRAND_C94B_COUNTRY_5A54,1.1168401
2023-11-01,BRAND_C94B_COUNTRY_5A54,1.1646093
2023-12-01,BRAND_C94B_COUNTRY_5A54,1.1706337
2023-01-01,BRAND_F649_COUNTRY_5A54,1.1144749
2023-02-01,BRAND_F649_COUNTRY_5A54,1.104184
2023-03-01,BRAND_F649_COUNTRY_5A54,1.0571804
2023-04-01,BRAND_F649_COUNTRY_5A54,1.1038889
2023-05-01,BRAND_F649_COUNTRY_5A54,1.1264693
2023-06-01,BRAND_F649_COUNTRY_5A54,1.146992
2023-07-01,BRAND_F649_COUNTRY_5A54,1.174297
2023-08-01,BRAND_F649_COUNTRY_5A54,1.1428561
2023-09-01,BRAND_F649_COUNTRY_5A54,1.139684
2023-10-01,BRAND_F649_COUNTRY_5A54,1.0967538
2023-11-01,BRAND_F649_COUNTRY_5A54,1.1462349
2023-12-01,BRAND_F649_COUNTRY_5A54,1.1722739
2023-01-01,BRAND_C352_COUNTRY_1007,0.68118346
2023-02-01,BRAND_C352_COUNTRY_1007,0.69576055
2023-03-01,BRAND_C352_COUNTRY_1007,0.5980864
2023-04-01,BRAND_C352_COUNTRY_1007,0.5270055
2023-05-01,BRAND_C352_COUNTRY_1007,0.6038416
2023-06-01,BRAND_C352_COUNTRY_1007,0.69933504
2023-07-01,BRAND_C352_COUNTRY_1007,0.70475096
2023-08-01,BRAND_C352_COUNTRY_1007,0.51647335
2023-09-01,BRAND_C352_COUNTRY_1007,0.56563824
2023-10-01,BRAND_C352_COUNTRY_1007,0.6214218
2023-11-01,BRAND_C352_COUNTRY_1007,0.63639295
2023-12-01,BRAND_C352_COUNTRY_1007,0.7945449
2023-01-01,BRAND_9259_COUNTRY_1007,1.5118178
2023-02-01,BRAND_9259_COUNTRY_1007,1.5157076
2023-03-01,BRAND_9259_COUNTRY_1007,1.4707799
2023-04-01,BRAND_9259_COUNTRY_1007,1.4620491
2023-05-01,BRAND_9259_COUNTRY_1007,1.4877236
2023-06-01,BRAND_9259_COUNTRY_1007,1.516131
2023-07-01,BRAND_9259_COUNTRY_1007,1.5203257
2023-08-01,BRAND_9259_COUNTRY_1007,1.2808353
2023-09-01,BRAND_9259_COUNTRY_1007,1.3801019
2023-10-01,BRAND_9259_COUNTRY_1007,1.3994582
2023-11-01,BRAND_9259_COUNTRY_1007,1.2751185
2023-12-01,BRAND_9259_COUNTRY_1007,1.3602312
2023-08-01,BRAND_740F_COUNTRY_6F78,1.3483515
2023-09-01,BRAND_740F_COUNTRY_6F78,1.3509587
2023-10-01,BRAND_740F_COUNTRY_6F78,1.3473157
2023-11-01,BRAND_740F_COUNTRY_6F78,1.3617584
2023-12-01,BRAND_740F_COUNTRY_6F78,1.3512837
2023-08-01,BRAND_D786_COUNTRY_D8B0,2.690316
2023-09-01,BRAND_D786_COUNTRY_D8B0,2.746433
2023-10-01,BRAND_D786_COUNTRY_D8B0,1.8280609
2023-11-01,BRAND_D786_COUNTRY_D8B0,1.8465068
2023-12-01,BRAND_D786_COUNTRY_D8B0,1.8800424
2023-08-01,BRAND_056A_COUNTRY_EF33,0.9837694
2023-09-01,BRAND_056A_COUNTRY_EF33,0.9951686
2023-10-01,BRAND_056A_COUNTRY_EF33,1.1112028
2023-11-01,BRAND_056A_COUNTRY_EF33,1.1245811
2023-12-01,BRAND_056A_COUNTRY_EF33,1.1306349
2023-08-01,BRAND_89E4_COUNTRY_3F0E,0.7938627
2023-09-01,BRAND_89E4_COUNTRY_3F0E,0.80872846
2023-10-01,BRAND_89E4_COUNTRY_3F0E,0.7911661
2023-11-01,BRAND_89E4_COUNTRY_3F0E,0.80614215
2023-12-01,BRAND_89E4_COUNTRY_3F0E,0.8021138
2023-08-01,BRAND_E9AB_COUNTRY_C89B,0.783267
2023-09-01,BRAND_E9AB_COUNTRY_C89B,0.719856
2023-10-01,BRAND_E9AB_COUNTRY_C89B,0.7438978
2023-11-01,BRAND_E9AB_COUNTRY_C89B,0.7118387
2023-12-01,BRAND_E9AB_COUNTRY_C89B,0.79726946
2023-08-01,BRAND_9DA9_COUNTRY_3F0E,0.519315
2023-09-01,BRAND_9DA9_COUNTRY_3F0E,0.5493822
2023-10-01,BRAND_9DA9_COUNTRY_3F0E,0.5480096
2023-11-01,BRAND_9DA9_COUNTRY_3F0E,0.5675727
2023-12-01,BRAND_9DA9_COUNTRY_3F0E,0.5888585
2023-08-01,BRAND_E9AB_COUNTRY_8DBB,0.67157775
2023-09-01,BRAND_E9AB_COUNTRY_8DBB,0.49769402
2023-10-01,BRAND_E9AB_COUNTRY_8DBB,0.5361589
2023-11-01,BRAND_E9AB_COUNTRY_8DBB,0.4180789
2023-12-01,BRAND_E9AB_COUNTRY_8DBB,0.79781276
2023-09-01,BRAND_DB5A_COUNTRY_1007,0.7836741
2023-10-01,BRAND_DB5A_COUNTRY_1007,0.89118934
2023-11-01,BRAND_DB5A_COUNTRY_1007,0.89138615
2023-12-01,BRAND_DB5A_COUNTRY_1007,0.54722434
2023-09-01,BRAND_72DA_COUNTRY_B6AE,0.9968572
2023-10-01,BRAND_72DA_COUNTRY_B6AE,0.9036481
2023-11-01,BRAND_72DA_COUNTRY_B6AE,0.9715763
2023-09-01,BRAND_DB5A_COUNTRY_3AD0,1.1954074
2023-10-01,BRAND_DB5A_COUNTRY_3AD0,1.4570608
2023-11-01,BRAND_DB5A_COUNTRY_3AD0,1.528863
2023-12-01,BRAND_DB5A_COUNTRY_3AD0,0.97771025
2023-09-01,BRAND_056A_COUNTRY_EA71,1.456409
2023-10-01,BRAND_056A_COUNTRY_EA71,1.4331988
2023-11-01,BRAND_056A_COUNTRY_EA71,1.4323338
2023-12-01,BRAND_056A_COUNTRY_EA71,1.4452442
2023-09-01,BRAND_D786_COUNTRY_9891,1.7266735
2023-10-01,BRAND_D786_COUNTRY_9891,1.7560462
2023-11-01,BRAND_D786_COUNTRY_9891,1.9229745
2023-12-01,BRAND_D786_COUNTRY_9891,1.922131
2023-09-01,BRAND_3938_COUNTRY_5A54,0.9561144
2023-10-01,BRAND_3938_COUNTRY_5A54,0.903109
2023-11-01,BRAND_3938_COUNTRY_5A54,0.8598428
2023-12-01,BRAND_3938_COUNTRY_5A54,0.92864496
2023-10-01,BRAND_056A_COUNTRY_4253,2.9747863
2023-11-01,BRAND_056A_COUNTRY_4253,2.954579
2023-12-01,BRAND_056A_COUNTRY_4253,2.9765532
2023-10-01,BRAND_E57A_COUNTRY_1007,0.84361345
2023-11-01,BRAND_E57A_COUNTRY_1007,0.8453244
2023-12-01,BRAND_E57A_COUNTRY_1007,0.8484674
2023-10-01,BRAND_D786_COUNTRY_0309,0.90781045
2023-11-01,BRAND_D786_COUNTRY_0309,1.0587525
2023-12-01,BRAND_D786_COUNTRY_0309,1.1171476
2023-10-01,BRAND_B8DE_COUNTRY_D8B0,2.0244536
2023-11-01,BRAND_B8DE_COUNTRY_D8B0,1.9247111
2023-12-01,BRAND_B8DE_COUNTRY_D8B0,2.0010054
2023-10-01,BRAND_B8DE_COUNTRY_9891,0.7544203
2023-11-01,BRAND_B8DE_COUNTRY_9891,0.89895076
2023-12-01,BRAND_B8DE_COUNTRY_9891,0.862007
2023-10-01,BRAND_C94B_COUNTRY_6C16,1.7547278
2023-11-01,BRAND_C94B_COUNTRY_6C16,1.9960723
2023-12-01,BRAND_C94B_COUNTRY_6C16,1.9286772
2023-11-01,BRAND_056A_COUNTRY_907E,1.5778539
2023-12-01,BRAND_056A_COUNTRY_907E,1.5632519
2023-11-01,BRAND_9259_COUNTRY_9488,1.2537547
2023-12-01,BRAND_9259_COUNTRY_9488,1.3319172
2023-11-01,BRAND_056A_COUNTRY_9488,1.054841
2023-12-01,BRAND_056A_COUNTRY_9488,1.0258968
2023-11-01,BRAND_F649_COUNTRY_9488,1.1560098
2023-12-01,BRAND_F649_COUNTRY_9488,1.1756563
2023-11-01,BRAND_7250_COUNTRY_53A5,2.3879604
2023-12-01,BRAND_7250_COUNTRY_53A5,2.4441416
2023-11-01,BRAND_056A_COUNTRY_6F78,0.9230265
2023-12-01,BRAND_056A_COUNTRY_6F78,1.0054998
2023-11-01,BRAND_740F_COUNTRY_FA79,0.9066257
2023-12-01,BRAND_740F_COUNTRY_FA79,0.89091283
2023-11-01,BRAND_056A_COUNTRY_8B47,1.0940126
2023-12-01,BRAND_056A_COUNTRY_8B47,1.0917413
2023-11-01,BRAND_DB5A_COUNTRY_9488,1.0013043
2023-12-01,BRAND_DB5A_COUNTRY_9488,0.51792383
2023-11-01,BRAND_138D_COUNTRY_5FEB,0.6387276
2023-12-01,BRAND_138D_COUNTRY_5FEB,0.39052966
2023-11-01,BRAND_248D_COUNTRY_907E,0.9548629
2023-12-01,BRAND_248D_COUNTRY_907E,0.9424529
2023-11-01,BRAND_B8DE_COUNTRY_0309,2.1295552
2023-12-01,BRAND_B8DE_COUNTRY_0309,2.1034575
2023-12-01,BRAND_81A0_COUNTRY_9891,0.655785
2023-12-01,BRAND_B8DE_COUNTRY_C8F4,0.63099456
2023-12-01,BRAND_417D_COUNTRY_B6AE,0.27563217
2023-01-01,BRAND_E57A_COUNTRY_06E4,0.98230016
2023-02-01,BRAND_E57A_COUNTRY_06E4,0.99470246
2023-03-01,BRAND_E57A_COUNTRY_06E4,0.9988009
2023-04-01,BRAND_E57A_COUNTRY_06E4,0.9953833
2023-05-01,BRAND_E57A_COUNTRY_06E4,1.0088434
2023-06-01,BRAND_E57A_COUNTRY_06E4,1.0110332
2023-07-01,BRAND_E57A_COUNTRY_06E4,0.9939511
2023-08-01,BRAND_E57A_COUNTRY_06E4,0.9781184
2023-09-01,BRAND_E57A_COUNTRY_06E4,1.0135945
2023-10-01,BRAND_E57A_COUNTRY_06E4,1.0278865
2023-11-01,BRAND_E57A_COUNTRY_06E4,1.0790962
2023-12-01,BRAND_E57A_COUNTRY_06E4,1.0855198
2023-01-01,BRAND_014B_COUNTRY_06E4,0.76335776
2023-02-01,BRAND_014B_COUNTRY_06E4,0.76795465
2023-03-01,BRAND_014B_COUNTRY_06E4,0.8374358
2023-04-01,BRAND_014B_COUNTRY_06E4,0.85362977
2023-05-01,BRAND_014B_COUNTRY_06E4,0.88048935
2023-06-01,BRAND_014B_COUNTRY_06E4,0.8912928
2023-07-01,BRAND_014B_COUNTRY_06E4,0.9324354
2023-08-01,BRAND_014B_COUNTRY_06E4,0.88062656
2023-09-01,BRAND_014B_COUNTRY_06E4,0.8601255
2023-10-01,BRAND_014B_COUNTRY_06E4,0.889512
2023-11-01,BRAND_014B_COUNTRY_06E4,0.91863143
2023-12-01,BRAND_014B_COUNTRY_06E4,0.9263998
2023-01-01,BRAND_1E6F_COUNTRY_4647,0.7614564
2023-02-01,BRAND_1E6F_COUNTRY_4647,0.71665406
2023-03-01,BRAND_1E6F_COUNTRY_4647,0.58648604
2023-04-01,BRAND_1E6F_COUNTRY_4647,0.6250271
2023-05-01,BRAND_1E6F_COUNTRY_4647,0.68338627
2023-06-01,BRAND_1E6F_COUNTRY_4647,0.6946699
2023-07-01,BRAND_1E6F_COUNTRY_4647,0.8032237
2023-08-01,BRAND_1E6F_COUNTRY_4647,0.7914133
2023-09-01,BRAND_1E6F_COUNTRY_4647,0.8150502
2023-10-01,BRAND_1E6F_COUNTRY_4647,0.65894777
2023-11-01,BRAND_1E6F_COUNTRY_4647,0.5229026
2023-12-01,BRAND_1E6F_COUNTRY_4647,0.60849714
2023-01-01,BRAND_9259_COUNTRY_FA79,0.99315137
2023-02-01,BRAND_9259_COUNTRY_FA79,0.9915034
2023-03-01,BRAND_9259_COUNTRY_FA79,0.913179
2023-04-01,BRAND_9259_COUNTRY_FA79,0.9088924
2023-05-01,BRAND_9259_COUNTRY_FA79,0.94102585
2023-06-01,BRAND_9259_COUNTRY_FA79,0.9182698
2023-07-01,BRAND_9259_COUNTRY_FA79,0.9498245
2023-08-01,BRAND_9259_COUNTRY_FA79,0.9202838
2023-09-01,BRAND_9259_COUNTRY_FA79,0.90706825
2023-10-01,BRAND_9259_COUNTRY_FA79,0.9114979
2023-11-01,BRAND_9259_COUNTRY_FA79,0.9181014
2023-12-01,BRAND_9259_COUNTRY_FA79,0.9985995
2023-01-01,BRAND_106A_COUNTRY_E319,0.8189268
2023-02-01,BRAND_106A_COUNTRY_E319,0.8403235
2023-03-01,BRAND_106A_COUNTRY_E319,0.9732982
2023-04-01,BRAND_106A_COUNTRY_E319,1.1183693
2023-05-01,BRAND_106A_COUNTRY_E319,1.1104217
2023-06-01,BRAND_106A_COUNTRY_E319,1.173893
2023-07-01,BRAND_106A_COUNTRY_E319,1.1526831
2023-08-01,BRAND_106A_COUNTRY_E319,1.2983007
2023-09-01,BRAND_106A_COUNTRY_E319,1.3443651
2023-10-01,BRAND_106A_COUNTRY_E319,1.5763752
2023-11-01,BRAND_106A_COUNTRY_E319,0.98765767
2023-12-01,BRAND_106A_COUNTRY_E319,1.0401329
2023-01-01,BRAND_3938_COUNTRY_907E,1.1485302
2023-02-01,BRAND_3938_COUNTRY_907E,1.1226318
2023-03-01,BRAND_3938_COUNTRY_907E,1.3221996
2023-04-01,BRAND_3938_COUNTRY_907E,1.314303
2023-05-01,BRAND_3938_COUNTRY_907E,1.3798357
2023-06-01,BRAND_3938_COUNTRY_907E,1.44258
2023-07-01,BRAND_3938_COUNTRY_907E,1.3704078
2023-08-01,BRAND_3938_COUNTRY_907E,1.3386916
2023-09-01,BRAND_3938_COUNTRY_907E,1.3974582
2023-10-01,BRAND_3938_COUNTRY_907E,1.7450198
2023-11-01,BRAND_3938_COUNTRY_907E,1.607066
2023-12-01,BRAND_3938_COUNTRY_907E,1.5993975
2023-01-01,BRAND_F649_COUNTRY_FA79,1.092704
2023-02-01,BRAND_F649_COUNTRY_FA79,1.0838897
2023-03-01,BRAND_F649_COUNTRY_FA79,0.91584593
2023-04-01,BRAND_F649_COUNTRY_FA79,0.9116813
2023-05-01,BRAND_F649_COUNTRY_FA79,0.9031808
2023-06-01,BRAND_F649_COUNTRY_FA79,0.9012915
2023-07-01,BRAND_F649_COUNTRY_FA79,0.91663563
2023-08-01,BRAND_F649_COUNTRY_FA79,0.8870636
2023-09-01,BRAND_F649_COUNTRY_FA79,0.89219505
2023-10-01,BRAND_F649_COUNTRY_FA79,0.8696963
2023-11-01,BRAND_F649_COUNTRY_FA79,0.87050045
2023-12-01,BRAND_F649_COUNTRY_FA79,0.8940437
2023-01-01,BRAND_F649_COUNTRY_2E65,1.0487243
2023-02-01,BRAND_F649_COUNTRY_2E65,1.0490209
2023-03-01,BRAND_F649_COUNTRY_2E65,1.0421686
2023-04-01,BRAND_F649_COUNTRY_2E65,1.0725768
2023-05-01,BRAND_F649_COUNTRY_2E65,1.1138277
2023-06-01,BRAND_F649_COUNTRY_2E65,1.1335824
2023-07-01,BRAND_F649_COUNTRY_2E65,1.214283
2023-08-01,BRAND_F649_COUNTRY_2E65,1.1432637
2023-09-01,BRAND_F649_COUNTRY_2E65,1.2014729
2023-10-01,BRAND_F649_COUNTRY_2E65,1.2187816
2023-11-01,BRAND_F649_COUNTRY_2E65,1.2388662
2023-12-01,BRAND_F649_COUNTRY_2E65,1.4579729
2023-01-01,BRAND_60F2_COUNTRY_C89B,0.12243293
2023-02-01,BRAND_60F2_COUNTRY_C89B,0.13578133
2023-03-01,BRAND_60F2_COUNTRY_C89B,0.16608101
2023-04-01,BRAND_60F2_COUNTRY_C89B,0.17958619
2023-05-01,BRAND_60F2_COUNTRY_C89B,0.18093911
2023-06-01,BRAND_60F2_COUNTRY_C89B,0.13678771
2023-07-01,BRAND_60F2_COUNTRY_C89B,0.19030255
2023-08-01,BRAND_60F2_COUNTRY_C89B,0.14373106
2023-09-01,BRAND_60F2_COUNTRY_C89B,0.16702968
2023-10-01,BRAND_60F2_COUNTRY_C89B,0.1027651
2023-11-01,BRAND_60F2_COUNTRY_C89B,0.096984126
2023-12-01,BRAND_60F2_COUNTRY_C89B,0.14240457
2023-01-01,BRAND_740F_COUNTRY_8B47,0.938196
2023-02-01,BRAND_740F_COUNTRY_8B47,0.93483996
2023-03-01,BRAND_740F_COUNTRY_8B47,0.95783025
2023-04-01,BRAND_740F_COUNTRY_8B47,0.9530743
2023-05-01,BRAND_740F_COUNTRY_8B47,1.0120935
2023-06-01,BRAND_740F_COUNTRY_8B47,1.0188103
2023-07-01,BRAND_740F_COUNTRY_8B47,1.0170095
2023-08-01,BRAND_740F_COUNTRY_8B47,1.0061002
2023-09-01,BRAND_740F_COUNTRY_8B47,1.0301819
2023-10-01,BRAND_740F_COUNTRY_8B47,1.0217144
2023-11-01,BRAND_740F_COUNTRY_8B47,1.0490346
2023-12-01,BRAND_740F_COUNTRY_8B47,1.0446607
2023-01-01,BRAND_740F_COUNTRY_0309,0.3349506
2023-02-01,BRAND_740F_COUNTRY_0309,0.2265438
2023-03-01,BRAND_740F_COUNTRY_0309,0.18654042
2023-04-01,BRAND_740F_COUNTRY_0309,0.13486812
2023-05-01,BRAND_740F_COUNTRY_0309,0.15271743
2023-06-01,BRAND_740F_COUNTRY_0309,0.15258987
2023-07-01,BRAND_740F_COUNTRY_0309,0
2023-08-01,BRAND_740F_COUNTRY_0309,0
2023-09-01,BRAND_740F_COUNTRY_0309,0.22601387
2023-10-01,BRAND_740F_COUNTRY_0309,0.45433927
2023-11-01,BRAND_740F_COUNTRY_0309,0.40170604
2023-12-01,BRAND_740F_COUNTRY_0309,0.53681296
2023-01-01,BRAND_E57A_COUNTRY_6F78,1.3972772
2023-02-01,BRAND_E57A_COUNTRY_6F78,1.1015073
2023-03-01,BRAND_E57A_COUNTRY_6F78,1.3897523
2023-04-01,BRAND_E57A_COUNTRY_6F78,1.1769375
2023-05-01,BRAND_E57A_COUNTRY_6F78,1.0555965
2023-06-01,BRAND_E57A_COUNTRY_6F78,0.8906024
2023-07-01,BRAND_E57A_COUNTRY_6F78,0.9319378
2023-08-01,BRAND_E57A_COUNTRY_6F78,0.88096344
2023-09-01,BRAND_E57A_COUNTRY_6F78,0.9175051
2023-10-01,BRAND_E57A_COUNTRY_6F78,0.95866024
2023-11-01,BRAND_E57A_COUNTRY_6F78,1.0850581
2023-12-01,BRAND_E57A_COUNTRY_6F78,1.1138178
2023-01-01,BRAND_FB69_COUNTRY_4D48,0.9458353
2023-02-01,BRAND_FB69_COUNTRY_4D48,0.9502066
2023-03-01,BRAND_FB69_COUNTRY_4D48,0.96480304
2023-04-01,BRAND_FB69_COUNTRY_4D48,0.9540357
2023-05-01,BRAND_FB69_COUNTRY_4D48,0.9505501
2023-06-01,BRAND_FB69_COUNTRY_4D48,0.92248654
2023-07-01,BRAND_FB69_COUNTRY_4D48,0.79954135
2023-08-01,BRAND_FB69_COUNTRY_4D48,0.76313984
2023-09-01,BRAND_FB69_COUNTRY_4D48,0.8218371
2023-10-01,BRAND_FB69_COUNTRY_4D48,0.8251034
2023-11-01,BRAND_FB69_COUNTRY_4D48,0.8754456
2023-12-01,BRAND_FB69_COUNTRY_4D48,0.86065084
2023-01-01,BRAND_12B2_COUNTRY_AE54,1.8662208
2023-02-01,BRAND_12B2_COUNTRY_AE54,1.5247235
2023-03-01,BRAND_12B2_COUNTRY_AE54,1.5195539
2023-04-01,BRAND_12B2_COUNTRY_AE54,1.7195668
2023-05-01,BRAND_12B2_COUNTRY_AE54,1.7122929
2023-06-01,BRAND_12B2_COUNTRY_AE54,1.8486872
2023-07-01,BRAND_12B2_COUNTRY_AE54,1.9498427
2023-08-01,BRAND_12B2_COUNTRY_AE54,1.9276414
2023-09-01,BRAND_12B2_COUNTRY_AE54,2.1045594
2023-10-01,BRAND_12B2_COUNTRY_AE54,1.607055
2023-11-01,BRAND_12B2_COUNTRY_AE54,1.622741
2023-12-01,BRAND_12B2_COUNTRY_AE54,1.6872185
2023-01-01,BRAND_E57A_COUNTRY_0309,0.64167565
2023-02-01,BRAND_E57A_COUNTRY_0309,0.531152
2023-03-01,BRAND_E57A_COUNTRY_0309,0.56546015
2023-04-01,BRAND_E57A_COUNTRY_0309,0.5247095
2023-05-01,BRAND_E57A_COUNTRY_0309,0.53503567
2023-06-01,BRAND_E57A_COUNTRY_0309,0.6191486
2023-07-01,BRAND_E57A_COUNTRY_0309,0.41772878
2023-08-01,BRAND_E57A_COUNTRY_0309,0.3064443
2023-09-01,BRAND_E57A_COUNTRY_0309,0.70149106
2023-10-01,BRAND_E57A_COUNTRY_0309,0.83489263
2023-11-01,BRAND_E57A_COUNTRY_0309,0.8785248
2023-12-01,BRAND_E57A_COUNTRY_0309,0.57775205
2023-01-01,BRAND_C352_COUNTRY_8B47,1.0269831
2023-02-01,BRAND_C352_COUNTRY_8B47,1.0129796
2023-03-01,BRAND_C352_COUNTRY_8B47,0.885912
2023-04-01,BRAND_C352_COUNTRY_8B47,0.87312734
2023-05-01,BRAND_C352_COUNTRY_8B47,0.934031
2023-06-01,BRAND_C352_COUNTRY_8B47,0.96318495
2023-07-01,BRAND_C352_COUNTRY_8B47,0.9665847
2023-08-01,BRAND_C352_COUNTRY_8B47,0.93779695
2023-09-01,BRAND_C352_COUNTRY_8B47,0.95109034
2023-10-01,BRAND_C352_COUNTRY_8B47,0.93437254
2023-11-01,BRAND_C352_COUNTRY_8B47,0.94024795
2023-12-01,BRAND_C352_COUNTRY_8B47,0.9640691
2023-01-01,BRAND_740F_COUNTRY_06E4,0.758804
2023-02-01,BRAND_740F_COUNTRY_06E4,0.76686287
2023-03-01,BRAND_740F_COUNTRY_06E4,0.76713246
2023-04-01,BRAND_740F_COUNTRY_06E4,0.74578995
2023-05-01,BRAND_740F_COUNTRY_06E4,0.7573658
2023-06-01,BRAND_740F_COUNTRY_06E4,0.75955564
2023-07-01,BRAND_740F_COUNTRY_06E4,0.73596823
2023-08-01,BRAND_740F_COUNTRY_06E4,0.7189796
2023-09-01,BRAND_740F_COUNTRY_06E4,0.74861664
2023-10-01,BRAND_740F_COUNTRY_06E4,0.76974225
2023-11-01,BRAND_740F_COUNTRY_06E4,0.82232946
2023-12-01,BRAND_740F_COUNTRY_06E4,0.818948
2023-01-01,BRAND_AA1F_COUNTRY_06E4,1.44936
2023-02-01,BRAND_AA1F_COUNTRY_06E4,1.5290586
2023-03-01,BRAND_AA1F_COUNTRY_06E4,1.6439753
2023-04-01,BRAND_AA1F_COUNTRY_06E4,1.8606256
2023-05-01,BRAND_AA1F_COUNTRY_06E4,2.3255284
2023-06-01,BRAND_AA1F_COUNTRY_06E4,2.2636902
2023-07-01,BRAND_AA1F_COUNTRY_06E4,2.2858813
2023-08-01,BRAND_AA1F_COUNTRY_06E4,2.148054
2023-09-01,BRAND_AA1F_COUNTRY_06E4,2.2716346
2023-10-01,BRAND_AA1F_COUNTRY_06E4,1.5730389
2023-11-01,BRAND_AA1F_COUNTRY_06E4,1.7953925
2023-12-01,BRAND_AA1F_COUNTRY_06E4,1.7069707
2023-01-01,BRAND_014B_COUNTRY_0309,2.013578
2023-02-01,BRAND_014B_COUNTRY_0309,2.0091639
2023-03-01,BRAND_014B_COUNTRY_0309,2.286877
2023-04-01,BRAND_014B_COUNTRY_0309,2.5064769
2023-05-01,BRAND_014B_COUNTRY_0309,2.5251772
2023-06-01,BRAND_014B_COUNTRY_0309,2.5539567
2023-07-01,BRAND_014B_COUNTRY_0309,2.461067
2023-08-01,BRAND_014B_COUNTRY_0309,2.3139548
2023-09-01,BRAND_014B_COUNTRY_0309,2.7704294
2023-10-01,BRAND_014B_COUNTRY_0309,2.920677
2023-11-01,BRAND_014B_COUNTRY_0309,3.050633
2023-12-01,BRAND_014B_COUNTRY_0309,3.0735452
2023-01-01,BRAND_FB57_COUNTRY_907E,0.72781396
2023-02-01,BRAND_FB57_COUNTRY_907E,0.7258766
2023-03-01,BRAND_FB57_COUNTRY_907E,0.6995082
2023-04-01,BRAND_FB57_COUNTRY_907E,0.6928213
2023-05-01,BRAND_FB57_COUNTRY_907E,0.6477173
2023-06-01,BRAND_FB57_COUNTRY_907E,0.73019415
2023-07-01,BRAND_FB57_COUNTRY_907E,0.64187515
2023-08-01,BRAND_FB57_COUNTRY_907E,0.61806405
2023-09-01,BRAND_FB57_COUNTRY_907E,0.613257
2023-10-01,BRAND_FB57_COUNTRY_907E,0.62873334
2023-11-01,BRAND_FB57_COUNTRY_907E,0.61783606
2023-12-01,BRAND_FB57_COUNTRY_907E,0.57721204
2023-01-01,BRAND_056A_COUNTRY_0309,3.004062
2023-02-01,BRAND_056A_COUNTRY_0309,3.0243828
2023-03-01,BRAND_056A_COUNTRY_0309,3.2095683
2023-04-01,BRAND_056A_COUNTRY_0309,3.2974937
2023-05-01,BRAND_056A_COUNTRY_0309,3.3602684
2023-06-01,BRAND_056A_COUNTRY_0309,3.4006002
2023-07-01,BRAND_056A_COUNTRY_0309,3.3727748
2023-08-01,BRAND_056A_COUNTRY_0309,3.1960855
2023-09-01,BRAND_056A_COUNTRY_0309,3.327687
2023-10-01,BRAND_056A_COUNTRY_0309,3.3238797
2023-11-01,BRAND_056A_COUNTRY_0309,3.5811195
2023-12-01,BRAND_056A_COUNTRY_0309,3.667862
2023-01-01,BRAND_F649_COUNTRY_907E,1.5049115
2023-02-01,BRAND_F649_COUNTRY_907E,1.4918785
2023-03-01,BRAND_F649_COUNTRY_907E,1.3920741
2023-04-01,BRAND_F649_COUNTRY_907E,1.4049897
2023-05-01,BRAND_F649_COUNTRY_907E,1.4617586
2023-06-01,BRAND_F649_COUNTRY_907E,1.5468198
2023-07-01,BRAND_F649_COUNTRY_907E,1.4963392
2023-08-01,BRAND_F649_COUNTRY_907E,1.4478543
2023-09-01,BRAND_F649_COUNTRY_907E,1.5250742
2023-10-01,BRAND_F649_COUNTRY_907E,1.5129578
2023-11-01,BRAND_F649_COUNTRY_907E,1.5794736
2023-12-01,BRAND_F649_COUNTRY_907E,1.5566329
2023-01-01,BRAND_CFD9_COUNTRY_AE54,1.2691903
2023-02-01,BRAND_CFD9_COUNTRY_AE54,0.5447427
2023-03-01,BRAND_CFD9_COUNTRY_AE54,0.77272964
2023-04-01,BRAND_CFD9_COUNTRY_AE54,0.8373974
2023-05-01,BRAND_CFD9_COUNTRY_AE54,1.1453141
2023-06-01,BRAND_CFD9_COUNTRY_AE54,1.3412635
2023-07-01,BRAND_CFD9_COUNTRY_AE54,1.4095987
2023-08-01,BRAND_CFD9_COUNTRY_AE54,1.388655
2023-09-01,BRAND_CFD9_COUNTRY_AE54,1.5583158
2023-10-01,BRAND_CFD9_COUNTRY_AE54,1.2722442
2023-11-01,BRAND_CFD9_COUNTRY_AE54,1.4556409
2023-12-01,BRAND_CFD9_COUNTRY_AE54,1.0343151
2023-01-01,BRAND_9259_COUNTRY_907E,0.97126245
2023-02-01,BRAND_9259_COUNTRY_907E,0.95496386
2023-03-01,BRAND_9259_COUNTRY_907E,0.957758
2023-04-01,BRAND_9259_COUNTRY_907E,0.9562728
2023-05-01,BRAND_9259_COUNTRY_907E,0.98783976
2023-06-01,BRAND_9259_COUNTRY_907E,1.0572739
2023-07-01,BRAND_9259_COUNTRY_907E,1.0508566
2023-08-01,BRAND_9259_COUNTRY_907E,1.0102016
2023-09-01,BRAND_9259_COUNTRY_907E,1.0645238
2023-10-01,BRAND_9259_COUNTRY_907E,1.0712885
2023-11-01,BRAND_9259_COUNTRY_907E,1.0575701
2023-12-01,BRAND_9259_COUNTRY_907E,1.0870821
2023-01-01,BRAND_B1E8_COUNTRY_AE54,0.5495378
2023-02-01,BRAND_B1E8_COUNTRY_AE54,0.3694621
2023-03-01,BRAND_B1E8_COUNTRY_AE54,0.40651193
2023-04-01,BRAND_B1E8_COUNTRY_AE54,0.492372
2023-05-01,BRAND_B1E8_COUNTRY_AE54,1.3459413
2023-06-01,BRAND_B1E8_COUNTRY_AE54,1.5382534
2023-07-01,BRAND_B1E8_COUNTRY_AE54,1.5370625
2023-08-01,BRAND_B1E8_COUNTRY_AE54,1.5251517
2023-09-01,BRAND_B1E8_COUNTRY_AE54,1.7380596
2023-10-01,BRAND_B1E8_COUNTRY_AE54,1.4680974
2023-11-01,BRAND_B1E8_COUNTRY_AE54,1.4689552
2023-12-01,BRAND_B1E8_COUNTRY_AE54,1.4207679
2023-01-01,BRAND_056A_COUNTRY_D8B0,1.6705182
2023-02-01,BRAND_056A_COUNTRY_D8B0,1.6726092
2023-03-01,BRAND_056A_COUNTRY_D8B0,1.9136316
2023-04-01,BRAND_056A_COUNTRY_D8B0,1.921485
2023-05-01,BRAND_056A_COUNTRY_D8B0,1.8350221
2023-06-01,BRAND_056A_COUNTRY_D8B0,2.0732503
2023-07-01,BRAND_056A_COUNTRY_D8B0,2.071936
2023-08-01,BRAND_056A_COUNTRY_D8B0,1.9914685
2023-09-01,BRAND_056A_COUNTRY_D8B0,2.115151
2023-10-01,BRAND_056A_COUNTRY_D8B0,2.2847335
2023-11-01,BRAND_056A_COUNTRY_D8B0,2.396132
2023-12-01,BRAND_056A_COUNTRY_D8B0,2.459383
2023-01-01,BRAND_740F_COUNTRY_5180,0.91506094
2023-02-01,BRAND_740F_COUNTRY_5180,0.91541237
2023-03-01,BRAND_740F_COUNTRY_5180,0.9265259
2023-04-01,BRAND_740F_COUNTRY_5180,0.9117502
2023-05-01,BRAND_740F_COUNTRY_5180,0.92425746
2023-06-01,BRAND_740F_COUNTRY_5180,0.92997485
2023-07-01,BRAND_740F_COUNTRY_5180,0.90453017
2023-08-01,BRAND_740F_COUNTRY_5180,0.8941317
2023-09-01,BRAND_740F_COUNTRY_5180,0.8971035
2023-10-01,BRAND_740F_COUNTRY_5180,0.9315581
2023-11-01,BRAND_740F_COUNTRY_5180,0.98069954
2023-12-01,BRAND_740F_COUNTRY_5180,0.9802005
2023-01-01,BRAND_F649_COUNTRY_5180,1.2553608
2023-02-01,BRAND_F649_COUNTRY_5180,1.2254956
2023-03-01,BRAND_F649_COUNTRY_5180,1.0628779
2023-04-01,BRAND_F649_COUNTRY_5180,1.113607
2023-05-01,BRAND_F649_COUNTRY_5180,1.1234118
2023-06-01,BRAND_F649_COUNTRY_5180,1.1413666
2023-07-01,BRAND_F649_COUNTRY_5180,1.157803
2023-08-01,BRAND_F649_COUNTRY_5180,1.1326957
2023-09-01,BRAND_F649_COUNTRY_5180,1.131322
2023-10-01,BRAND_F649_COUNTRY_5180,1.2157621
2023-11-01,BRAND_F649_COUNTRY_5180,1.2527595
2023-12-01,BRAND_F649_COUNTRY_5180,1.284396
2023-01-01,BRAND_4888_COUNTRY_AE54,1.6531425
2023-02-01,BRAND_4888_COUNTRY_AE54,1.2694256
2023-03-01,BRAND_4888_COUNTRY_AE54,1.3089255
2023-04-01,BRAND_4888_COUNTRY_AE54,1.3643733
2023-05-01,BRAND_4888_COUNTRY_AE54,1.3514642
2023-06-01,BRAND_4888_COUNTRY_AE54,1.5468946
2023-07-01,BRAND_4888_COUNTRY_AE54,1.720102
2023-08-01,BRAND_4888_COUNTRY_AE54,1.6974998
2023-09-01,BRAND_4888_COUNTRY_AE54,1.8758191
2023-10-01,BRAND_4888_COUNTRY_AE54,1.4745265
2023-11-01,BRAND_4888_COUNTRY_AE54,1.556101
2023-12-01,BRAND_4888_COUNTRY_AE54,1.6759424
2023-01-01,BRAND_E57A_COUNTRY_5180,1.098669
2023-02-01,BRAND_E57A_COUNTRY_5180,1.0990206
2023-03-01,BRAND_E57A_COUNTRY_5180,1.1101338
2023-04-01,BRAND_E57A_COUNTRY_5180,1.1115905
2023-05-01,BRAND_E57A_COUNTRY_5180,1.124098
2023-06-01,BRAND_E57A_COUNTRY_5180,1.1298153
2023-07-01,BRAND_E57A_COUNTRY_5180,1.1043707
2023-08-01,BRAND_E57A_COUNTRY_5180,1.0932158
2023-09-01,BRAND_E57A_COUNTRY_5180,1.0961876
2023-10-01,BRAND_E57A_COUNTRY_5180,1.1306424
2023-11-01,BRAND_E57A_COUNTRY_5180,1.1704357
2023-12-01,BRAND_E57A_COUNTRY_5180,1.1719265
2023-01-01,BRAND_9259_COUNTRY_5180,0.98982066
2023-02-01,BRAND_9259_COUNTRY_5180,0.9456856
2023-03-01,BRAND_9259_COUNTRY_5180,0.9268891
2023-04-01,BRAND_9259_COUNTRY_5180,0.965347
2023-05-01,BRAND_9259_COUNTRY_5180,0.9675283
2023-06-01,BRAND_9259_COUNTRY_5180,0.98548335
2023-07-01,BRAND_9259_COUNTRY_5180,1.0210358
2023-08-01,BRAND_9259_COUNTRY_5180,0.98942703
2023-09-01,BRAND_9259_COUNTRY_5180,0.97123086
2023-10-01,BRAND_9259_COUNTRY_5180,1.0936974
2023-11-01,BRAND_9259_COUNTRY_5180,1.1356375
2023-12-01,BRAND_9259_COUNTRY_5180,1.2284122
2023-01-01,BRAND_1E6F_COUNTRY_AE54,1.4627138
2023-02-01,BRAND_1E6F_COUNTRY_AE54,1.0456519
2023-03-01,BRAND_1E6F_COUNTRY_AE54,1.0804417
2023-04-01,BRAND_1E6F_COUNTRY_AE54,1.1520433
2023-05-01,BRAND_1E6F_COUNTRY_AE54,1.1509056
2023-06-01,BRAND_1E6F_COUNTRY_AE54,1.2647897
2023-07-01,BRAND_1E6F_COUNTRY_AE54,1.3494066
2023-08-01,BRAND_1E6F_COUNTRY_AE54,1.3693573
2023-09-01,BRAND_1E6F_COUNTRY_AE54,1.5138302
2023-10-01,BRAND_1E6F_COUNTRY_AE54,1.1472609
2023-11-01,BRAND_1E6F_COUNTRY_AE54,1.1174545
2023-12-01,BRAND_1E6F_COUNTRY_AE54,1.2231969
2023-01-01,BRAND_014B_COUNTRY_6C16,0.97437316
2023-02-01,BRAND_014B_COUNTRY_6C16,0.96124405
2023-03-01,BRAND_014B_COUNTRY_6C16,1.042453
2023-04-01,BRAND_014B_COUNTRY_6C16,1.1766387
2023-05-01,BRAND_014B_COUNTRY_6C16,1.1870512
2023-06-01,BRAND_014B_COUNTRY_6C16,1.2226312
2023-07-01,BRAND_014B_COUNTRY_6C16,1.263422
2023-08-01,BRAND_014B_COUNTRY_6C16,1.2597238
2023-09-01,BRAND_014B_COUNTRY_6C16,1.257682
2023-10-01,BRAND_014B_COUNTRY_6C16,1.2576805
2023-11-01,BRAND_014B_COUNTRY_6C16,1.3409
2023-12-01,BRAND_014B_COUNTRY_6C16,1.3716916
2023-01-01,BRAND_D72F_COUNTRY_C89B,1.0988598
2023-02-01,BRAND_D72F_COUNTRY_C89B,1.1009501
2023-03-01,BRAND_D72F_COUNTRY_C89B,0.9922282
2023-04-01,BRAND_D72F_COUNTRY_C89B,1.0040407
2023-05-01,BRAND_D72F_COUNTRY_C89B,1.0622935
2023-06-01,BRAND_D72F_COUNTRY_C89B,1.0589333
2023-07-01,BRAND_D72F_COUNTRY_C89B,1.0478326
2023-08-01,BRAND_D72F_COUNTRY_C89B,0.9980269
2023-09-01,BRAND_D72F_COUNTRY_C89B,1.024909
2023-10-01,BRAND_D72F_COUNTRY_C89B,0.9913651
2023-11-01,BRAND_D72F_COUNTRY_C89B,1.0037704
2023-12-01,BRAND_D72F_COUNTRY_C89B,1.0334383
2023-01-01,BRAND_9259_COUNTRY_89F9,1.163915
2023-02-01,BRAND_9259_COUNTRY_89F9,1.1330931
2023-03-01,BRAND_9259_COUNTRY_89F9,1.1750187
2023-04-01,BRAND_9259_COUNTRY_89F9,1.1598126
2023-05-01,BRAND_9259_COUNTRY_89F9,0.66792136
2023-06-01,BRAND_9259_COUNTRY_89F9,1.266426
2023-07-01,BRAND_9259_COUNTRY_89F9,1.2746661
2023-08-01,BRAND_9259_COUNTRY_89F9,1.2084092
2023-09-01,BRAND_9259_COUNTRY_89F9,1.2783117
2023-10-01,BRAND_9259_COUNTRY_89F9,1.3741533
2023-11-01,BRAND_9259_COUNTRY_89F9,1.3767307
2023-12-01,BRAND_9259_COUNTRY_89F9,1.4521731
2023-01-01,BRAND_740F_COUNTRY_88A3,1.0065355
2023-02-01,BRAND_740F_COUNTRY_88A3,1.006887
2023-03-01,BRAND_740F_COUNTRY_88A3,1.0196333
2023-04-01,BRAND_740F_COUNTRY_88A3,1.1190941
2023-05-01,BRAND_740F_COUNTRY_88A3,0.9795887
2023-06-01,BRAND_740F_COUNTRY_88A3,0.96384585
2023-07-01,BRAND_740F_COUNTRY_88A3,0.9415519
2023-08-01,BRAND_740F_COUNTRY_88A3,0.93091154
2023-09-01,BRAND_740F_COUNTRY_88A3,0.9637683
2023-10-01,BRAND_740F_COUNTRY_88A3,0.9606376
2023-11-01,BRAND_740F_COUNTRY_88A3,0.9729099
2023-12-01,BRAND_740F_COUNTRY_88A3,0.96945995
2023-01-01,BRAND_C3A1_COUNTRY_5180,0.88179225
2023-02-01,BRAND_C3A1_COUNTRY_5180,0.8741401
2023-03-01,BRAND_C3A1_COUNTRY_5180,0.7740243
2023-04-01,BRAND_C3A1_COUNTRY_5180,0.8207724
2023-05-01,BRAND_C3A1_COUNTRY_5180,0.88394576
2023-06-01,BRAND_C3A1_COUNTRY_5180,0.88858974
2023-07-01,BRAND_C3A1_COUNTRY_5180,0.8901296
2023-08-01,BRAND_C3A1_COUNTRY_5180,0.8687608
2023-09-01,BRAND_C3A1_COUNTRY_5180,0.8705418
2023-10-01,BRAND_C3A1_COUNTRY_5180,0.87911147
2023-11-01,BRAND_C3A1_COUNTRY_5180,0.89124393
2023-12-01,BRAND_C3A1_COUNTRY_5180,0.9053944
2023-01-01,BRAND_C352_COUNTRY_C8F4,1.4301331
2023-02-01,BRAND_C352_COUNTRY_C8F4,1.4182882
2023-03-01,BRAND_C352_COUNTRY_C8F4,1.2606629
2023-04-01,BRAND_C352_COUNTRY_C8F4,1.2466856
2023-05-01,BRAND_C352_COUNTRY_C8F4,1.2147883
2023-06-01,BRAND_C352_COUNTRY_C8F4,1.241248
2023-07-01,BRAND_C352_COUNTRY_C8F4,1.2818118
2023-08-01,BRAND_C352_COUNTRY_C8F4,1.2227991
2023-09-01,BRAND_C352_COUNTRY_C8F4,1.2014996
2023-10-01,BRAND_C352_COUNTRY_C8F4,1.2091978
2023-11-01,BRAND_C352_COUNTRY_C8F4,1.2112877
2023-12-01,BRAND_C352_COUNTRY_C8F4,1.2514458
2023-01-01,BRAND_A5D5_COUNTRY_C89B,0.76939845
2023-02-01,BRAND_A5D5_COUNTRY_C89B,0.78802735
2023-03-01,BRAND_A5D5_COUNTRY_C89B,0.8085021
2023-04-01,BRAND_A5D5_COUNTRY_C89B,0.8068848
2023-05-01,BRAND_A5D5_COUNTRY_C89B,0.80944747
2023-06-01,BRAND_A5D5_COUNTRY_C89B,0.81203663
2023-07-01,BRAND_A5D5_COUNTRY_C89B,0.8188987
2023-08-01,BRAND_A5D5_COUNTRY_C89B,0.78997123
2023-09-01,BRAND_A5D5_COUNTRY_C89B,0.9903756
2023-10-01,BRAND_A5D5_COUNTRY_C89B,1.0071088
2023-11-01,BRAND_A5D5_COUNTRY_C89B,1.0496267
2023-12-01,BRAND_A5D5_COUNTRY_C89B,1.0526047
2023-01-01,BRAND_248D_COUNTRY_EA71,0.94834876
2023-02-01,BRAND_248D_COUNTRY_EA71,1.0737824
2023-03-01,BRAND_248D_COUNTRY_EA71,0.98627234
2023-04-01,BRAND_248D_COUNTRY_EA71,0.9968713
2023-05-01,BRAND_248D_COUNTRY_EA71,0.97540706
2023-06-01,BRAND_248D_COUNTRY_EA71,1.0415248
2023-07-01,BRAND_248D_COUNTRY_EA71,0.88390607
2023-08-01,BRAND_248D_COUNTRY_EA71,1.115763
2023-09-01,BRAND_248D_COUNTRY_EA71,0.77906996
2023-10-01,BRAND_248D_COUNTRY_EA71,0.96903175
2023-11-01,BRAND_248D_COUNTRY_EA71,1.130135
2023-12-01,BRAND_248D_COUNTRY_EA71,0.87331
2023-01-01,BRAND_BBE0_COUNTRY_C89B,0.79201114
2023-02-01,BRAND_BBE0_COUNTRY_C89B,0.8000328
2023-03-01,BRAND_BBE0_COUNTRY_C89B,0.8151485
2023-04-01,BRAND_BBE0_COUNTRY_C89B,0.8135312
2023-05-01,BRAND_BBE0_COUNTRY_C89B,0.81609386
2023-06-01,BRAND_BBE0_COUNTRY_C89B,0.8173648
2023-07-01,BRAND_BBE0_COUNTRY_C89B,0.79067826
2023-08-01,BRAND_BBE0_COUNTRY_C89B,0.7785817
2023-09-01,BRAND_BBE0_COUNTRY_C89B,0.80357444
2023-10-01,BRAND_BBE0_COUNTRY_C89B,0.7752967
2023-11-01,BRAND_BBE0_COUNTRY_C89B,0.77706456
2023-12-01,BRAND_BBE0_COUNTRY_C89B,0.7674869
2023-01-01,BRAND_599D_COUNTRY_C51E,0.2238391
2023-02-01,BRAND_599D_COUNTRY_C51E,0.23781143
2023-03-01,BRAND_599D_COUNTRY_C51E,0.25702083
2023-04-01,BRAND_599D_COUNTRY_C51E,0.2512335
2023-05-01,BRAND_599D_COUNTRY_C51E,0.25675622
2023-06-01,BRAND_599D_COUNTRY_C51E,0.26249117
2023-07-01,BRAND_599D_COUNTRY_C51E,0.2627756
2023-08-01,BRAND_599D_COUNTRY_C51E,0.25490785
2023-09-01,BRAND_599D_COUNTRY_C51E,0.27123648
2023-10-01,BRAND_599D_COUNTRY_C51E,0.28762925
2023-11-01,BRAND_599D_COUNTRY_C51E,0.31112677
2023-12-01,BRAND_599D_COUNTRY_C51E,0.36175245
2023-01-01,BRAND_A5D5_COUNTRY_5FEB,1.201493
2023-02-01,BRAND_A5D5_COUNTRY_5FEB,1.2133096
2023-03-01,BRAND_A5D5_COUNTRY_5FEB,1.2854176
2023-04-01,BRAND_A5D5_COUNTRY_5FEB,1.3009131
2023-05-01,BRAND_A5D5_COUNTRY_5FEB,1.3092461
2023-06-01,BRAND_A5D5_COUNTRY_5FEB,1.3347261
2023-07-01,BRAND_A5D5_COUNTRY_5FEB,1.3373698
2023-08-01,BRAND_A5D5_COUNTRY_5FEB,1.347795
2023-09-01,BRAND_A5D5_COUNTRY_5FEB,1.3661622
2023-10-01,BRAND_A5D5_COUNTRY_5FEB,1.4134151
2023-11-01,BRAND_A5D5_COUNTRY_5FEB,1.4849079
2023-12-01,BRAND_A5D5_COUNTRY_5FEB,1.5242795
2023-01-01,BRAND_A12A_COUNTRY_C51E,0.7155091
2023-02-01,BRAND_A12A_COUNTRY_C51E,0.7324476
2023-03-01,BRAND_A12A_COUNTRY_C51E,0.7594869
2023-04-01,BRAND_A12A_COUNTRY_C51E,0.75642365
2023-05-01,BRAND_A12A_COUNTRY_C51E,0.7615028
2023-06-01,BRAND_A12A_COUNTRY_C51E,0.7873832
2023-07-01,BRAND_A12A_COUNTRY_C51E,0.8251817
2023-08-01,BRAND_A12A_COUNTRY_C51E,0.81603986
2023-09-01,BRAND_A12A_COUNTRY_C51E,0.7780187
2023-10-01,BRAND_A12A_COUNTRY_C51E,0.79668707
2023-11-01,BRAND_A12A_COUNTRY_C51E,0.81785345
2023-12-01,BRAND_A12A_COUNTRY_C51E,0.8836095
2023-01-01,BRAND_ACB5_COUNTRY_9488,0.72526205
2023-02-01,BRAND_ACB5_COUNTRY_9488,0.734959
2023-03-01,BRAND_ACB5_COUNTRY_9488,0.5927207
2023-04-01,BRAND_ACB5_COUNTRY_9488,0.59031606
2023-05-01,BRAND_ACB5_COUNTRY_9488,0.6735616
2023-06-01,BRAND_ACB5_COUNTRY_9488,0.68237686
2023-07-01,BRAND_ACB5_COUNTRY_9488,0.65642786
2023-08-01,BRAND_ACB5_COUNTRY_9488,0.6207278
2023-09-01,BRAND_ACB5_COUNTRY_9488,0.6360539
2023-10-01,BRAND_ACB5_COUNTRY_9488,0.64468455
2023-11-01,BRAND_ACB5_COUNTRY_9488,0.6544136
2023-12-01,BRAND_ACB5_COUNTRY_9488,0.7210501
2023-01-01,BRAND_9259_COUNTRY_88A3,1.057286
2023-02-01,BRAND_9259_COUNTRY_88A3,0.95434797
2023-03-01,BRAND_9259_COUNTRY_88A3,0.9023014
2023-04-01,BRAND_9259_COUNTRY_88A3,1.0486051
2023-05-01,BRAND_9259_COUNTRY_88A3,0.86451936
2023-06-01,BRAND_9259_COUNTRY_88A3,0.8387184
2023-07-01,BRAND_9259_COUNTRY_88A3,0.88730794
2023-08-01,BRAND_9259_COUNTRY_88A3,0.8665265
2023-09-01,BRAND_9259_COUNTRY_88A3,0.8704036
2023-10-01,BRAND_9259_COUNTRY_88A3,0.89262533
2023-11-01,BRAND_9259_COUNTRY_88A3,0.90114504
2023-12-01,BRAND_9259_COUNTRY_88A3,0.9944509
2023-01-01,BRAND_E57A_COUNTRY_0C7D,1.6545844
2023-02-01,BRAND_E57A_COUNTRY_0C7D,1.6837479
2023-03-01,BRAND_E57A_COUNTRY_0C7D,1.6913042
2023-04-01,BRAND_E57A_COUNTRY_0C7D,1.6878868
2023-05-01,BRAND_E57A_COUNTRY_0C7D,1.6893122
2023-06-01,BRAND_E57A_COUNTRY_0C7D,1.5858425
2023-07-01,BRAND_E57A_COUNTRY_0C7D,1.6779026
2023-08-01,BRAND_E57A_COUNTRY_0C7D,1.6480712
2023-09-01,BRAND_E57A_COUNTRY_0C7D,1.6634442
2023-10-01,BRAND_E57A_COUNTRY_0C7D,1.716712
2023-11-01,BRAND_E57A_COUNTRY_0C7D,1.7653415
2023-12-01,BRAND_E57A_COUNTRY_0C7D,1.7819008
2023-01-01,BRAND_BC1F_COUNTRY_C89B,0.9485871
2023-02-01,BRAND_BC1F_COUNTRY_C89B,0.93887466
2023-03-01,BRAND_BC1F_COUNTRY_C89B,0.90220785
2023-04-01,BRAND_BC1F_COUNTRY_C89B,0.92284966
2023-05-01,BRAND_BC1F_COUNTRY_C89B,0.9269725
2023-06-01,BRAND_BC1F_COUNTRY_C89B,0.9173141
2023-07-01,BRAND_BC1F_COUNTRY_C89B,0.9522316
2023-08-01,BRAND_BC1F_COUNTRY_C89B,0.8859322
2023-09-01,BRAND_BC1F_COUNTRY_C89B,0.8843518
2023-10-01,BRAND_BC1F_COUNTRY_C89B,0.8799751
2023-11-01,BRAND_BC1F_COUNTRY_C89B,0.8943345
2023-12-01,BRAND_BC1F_COUNTRY_C89B,0.9144701
2023-01-01,BRAND_F649_COUNTRY_EA71,1.5071725
2023-02-01,BRAND_F649_COUNTRY_EA71,1.4333737
2023-03-01,BRAND_F649_COUNTRY_EA71,1.3624717
2023-04-01,BRAND_F649_COUNTRY_EA71,1.3169631
2023-05-01,BRAND_F649_COUNTRY_EA71,1.2954484
2023-06-01,BRAND_F649_COUNTRY_EA71,1.3618125
2023-07-01,BRAND_F649_COUNTRY_EA71,1.3621792
2023-08-01,BRAND_F649_COUNTRY_EA71,1.2127973
2023-09-01,BRAND_F649_COUNTRY_EA71,1.2412318
2023-10-01,BRAND_F649_COUNTRY_EA71,1.2548586
2023-11-01,BRAND_F649_COUNTRY_EA71,1.3576022
2023-12-01,BRAND_F649_COUNTRY_EA71,1.1719503
2023-01-01,BRAND_E57A_COUNTRY_88A3,0.9590832
2023-02-01,BRAND_E57A_COUNTRY_88A3,0.9594346
2023-03-01,BRAND_E57A_COUNTRY_88A3,0.97349334
2023-04-01,BRAND_E57A_COUNTRY_88A3,1.0949049
2023-05-01,BRAND_E57A_COUNTRY_88A3,0.9496814
2023-06-01,BRAND_E57A_COUNTRY_88A3,0.92747957
2023-07-01,BRAND_E57A_COUNTRY_88A3,0.90834135
2023-08-01,BRAND_E57A_COUNTRY_88A3,0.8969446
2023-09-01,BRAND_E57A_COUNTRY_88A3,0.9091835
2023-10-01,BRAND_E57A_COUNTRY_88A3,0.9001467
2023-11-01,BRAND_E57A_COUNTRY_88A3,0.90065724
2023-12-01,BRAND_E57A_COUNTRY_88A3,0.8985001
2023-01-01,BRAND_D786_COUNTRY_4253,1.0858811
2023-02-01,BRAND_D786_COUNTRY_4253,1.0602466
2023-03-01,BRAND_D786_COUNTRY_4253,1.2486444
2023-04-01,BRAND_D786_COUNTRY_4253,1.1451439
2023-05-01,BRAND_D786_COUNTRY_4253,1.9394321
2023-06-01,BRAND_D786_COUNTRY_4253,1.2474498
2023-07-01,BRAND_D786_COUNTRY_4253,1.1901942
2023-08-01,BRAND_D786_COUNTRY_4253,1.2592894
2023-09-01,BRAND_D786_COUNTRY_4253,1.0288382
2023-10-01,BRAND_D786_COUNTRY_4253,1.2618439
2023-11-01,BRAND_D786_COUNTRY_4253,1.4549205
2023-12-01,BRAND_D786_COUNTRY_4253,1.4628843
2023-01-01,BRAND_056A_COUNTRY_458E,0.85197157
2023-02-01,BRAND_056A_COUNTRY_458E,0.85148805
2023-03-01,BRAND_056A_COUNTRY_458E,0.77327394
2023-04-01,BRAND_056A_COUNTRY_458E,0.77353734
2023-05-01,BRAND_056A_COUNTRY_458E,0.80933785
2023-06-01,BRAND_056A_COUNTRY_458E,0.805356
2023-07-01,BRAND_056A_COUNTRY_458E,0.8569401
2023-08-01,BRAND_056A_COUNTRY_458E,0.8490149
2023-09-01,BRAND_056A_COUNTRY_458E,0.87025917
2023-10-01,BRAND_056A_COUNTRY_458E,0.88385177
2023-11-01,BRAND_056A_COUNTRY_458E,0.8966286
2023-12-01,BRAND_056A_COUNTRY_458E,0.91499555
2023-01-01,BRAND_056A_COUNTRY_6C16,0.9611345
2023-02-01,BRAND_056A_COUNTRY_6C16,0.9667148
2023-03-01,BRAND_056A_COUNTRY_6C16,1.0037888
2023-04-01,BRAND_056A_COUNTRY_6C16,1.137975
2023-05-01,BRAND_056A_COUNTRY_6C16,1.1773179
2023-06-01,BRAND_056A_COUNTRY_6C16,1.2047304
2023-07-01,BRAND_056A_COUNTRY_6C16,1.2558197
2023-08-01,BRAND_056A_COUNTRY_6C16,1.2508903
2023-09-01,BRAND_056A_COUNTRY_6C16,1.2607416
2023-10-01,BRAND_056A_COUNTRY_6C16,1.2508585
2023-11-01,BRAND_056A_COUNTRY_6C16,1.2581602
2023-12-01,BRAND_056A_COUNTRY_6C16,1.3150021
2023-01-01,BRAND_D72F_COUNTRY_1033,0.81853974
2023-02-01,BRAND_D72F_COUNTRY_1033,0.81770176
2023-03-01,BRAND_D72F_COUNTRY_1033,0.7485232
2023-04-01,BRAND_D72F_COUNTRY_1033,0.7434745
2023-05-01,BRAND_D72F_COUNTRY_1033,0.78802276
2023-06-01,BRAND_D72F_COUNTRY_1033,0.8027057
2023-07-01,BRAND_D72F_COUNTRY_1033,0.82823837
2023-08-01,BRAND_D72F_COUNTRY_1033,0.75615567
2023-09-01,BRAND_D72F_COUNTRY_1033,0.79015887
2023-10-01,BRAND_D72F_COUNTRY_1033,0.8133159
2023-11-01,BRAND_D72F_COUNTRY_1033,0.8657417
2023-12-01,BRAND_D72F_COUNTRY_1033,0.9590102
2023-01-01,BRAND_7065_COUNTRY_9488,0.77619666
2023-02-01,BRAND_7065_COUNTRY_9488,0.7451951
2023-03-01,BRAND_7065_COUNTRY_9488,0.88469756
2023-04-01,BRAND_7065_COUNTRY_9488,1.1246123
2023-05-01,BRAND_7065_COUNTRY_9488,1.1719236
2023-06-01,BRAND_7065_COUNTRY_9488,1.0176324
2023-07-01,BRAND_7065_COUNTRY_9488,0.9716962
2023-08-01,BRAND_7065_COUNTRY_9488,0.95315284
2023-09-01,BRAND_7065_COUNTRY_9488,1.0014681
2023-10-01,BRAND_7065_COUNTRY_9488,0.98391044
2023-11-01,BRAND_7065_COUNTRY_9488,1.1598064
2023-12-01,BRAND_7065_COUNTRY_9488,1.121483
2023-01-01,BRAND_F649_COUNTRY_89F9,1.595516
2023-02-01,BRAND_F649_COUNTRY_89F9,1.361377
2023-03-01,BRAND_F649_COUNTRY_89F9,1.383055
2023-04-01,BRAND_F649_COUNTRY_89F9,1.3876351
2023-05-01,BRAND_F649_COUNTRY_89F9,1.5938693
2023-06-01,BRAND_F649_COUNTRY_89F9,1.6513568
2023-07-01,BRAND_F649_COUNTRY_89F9,1.5388916
2023-08-01,BRAND_F649_COUNTRY_89F9,1.4867502
2023-09-01,BRAND_F649_COUNTRY_89F9,1.5884095
2023-10-01,BRAND_F649_COUNTRY_89F9,1.5640609
2023-11-01,BRAND_F649_COUNTRY_89F9,1.6688855
2023-12-01,BRAND_F649_COUNTRY_89F9,1.7207057
2023-01-01,BRAND_E57A_COUNTRY_EA71,1.0506164
2023-02-01,BRAND_E57A_COUNTRY_EA71,0.94412583
2023-03-01,BRAND_E57A_COUNTRY_EA71,0.95942587
2023-04-01,BRAND_E57A_COUNTRY_EA71,0.973002
2023-05-01,BRAND_E57A_COUNTRY_EA71,0.8234182
2023-06-01,BRAND_E57A_COUNTRY_EA71,0.8245997
2023-07-01,BRAND_E57A_COUNTRY_EA71,0.84473187
2023-08-01,BRAND_E57A_COUNTRY_EA71,0.75056297
2023-09-01,BRAND_E57A_COUNTRY_EA71,0.7615122
2023-10-01,BRAND_E57A_COUNTRY_EA71,0.7821718
2023-11-01,BRAND_E57A_COUNTRY_EA71,0.8883336
2023-12-01,BRAND_E57A_COUNTRY_EA71,0.9697385
2023-01-01,BRAND_76D6_COUNTRY_AE54,0.794798
2023-02-01,BRAND_76D6_COUNTRY_AE54,0.61247534
2023-03-01,BRAND_76D6_COUNTRY_AE54,0.6724807
2023-04-01,BRAND_76D6_COUNTRY_AE54,0.7571686
2023-05-01,BRAND_76D6_COUNTRY_AE54,0.7495418
2023-06-01,BRAND_76D6_COUNTRY_AE54,0.908119
2023-07-01,BRAND_76D6_COUNTRY_AE54,0.8948797
2023-08-01,BRAND_76D6_COUNTRY_AE54,0.8747766
2023-09-01,BRAND_76D6_COUNTRY_AE54,1.0610713
2023-10-01,BRAND_76D6_COUNTRY_AE54,0.75876266
2023-11-01,BRAND_76D6_COUNTRY_AE54,0.7590772
2023-12-01,BRAND_76D6_COUNTRY_AE54,0.71024114
2023-01-01,BRAND_9259_COUNTRY_3536,1.1417316
2023-02-01,BRAND_9259_COUNTRY_3536,1.1708866
2023-03-01,BRAND_9259_COUNTRY_3536,1.1064274
2023-04-01,BRAND_9259_COUNTRY_3536,1.1129775
2023-05-01,BRAND_9259_COUNTRY_3536,1.1208165
2023-06-01,BRAND_9259_COUNTRY_3536,1.115658
2023-07-01,BRAND_9259_COUNTRY_3536,1.1180179
2023-08-01,BRAND_9259_COUNTRY_3536,1.0861852
2023-09-01,BRAND_9259_COUNTRY_3536,1.1072412
2023-10-01,BRAND_9259_COUNTRY_3536,1.073196
2023-11-01,BRAND_9259_COUNTRY_3536,1.0857928
2023-12-01,BRAND_9259_COUNTRY_3536,1.1208524
2023-02-01,BRAND_C352_COUNTRY_F78A,1.0209875
2023-03-01,BRAND_C352_COUNTRY_F78A,0.8703657
2023-04-01,BRAND_C352_COUNTRY_F78A,0.91529363
2023-05-01,BRAND_C352_COUNTRY_F78A,0.9209154
2023-06-01,BRAND_C352_COUNTRY_F78A,0.8966595
2023-07-01,BRAND_C352_COUNTRY_F78A,0.8736372
2023-08-01,BRAND_C352_COUNTRY_F78A,0.84555054
2023-09-01,BRAND_C352_COUNTRY_F78A,0.84841216
2023-10-01,BRAND_C352_COUNTRY_F78A,0.81710136
2023-11-01,BRAND_C352_COUNTRY_F78A,0.8434667
2023-12-01,BRAND_C352_COUNTRY_F78A,0.8862932
2023-02-01,BRAND_D786_COUNTRY_1033,0.92281157
2023-03-01,BRAND_D786_COUNTRY_1033,0.9126658
2023-04-01,BRAND_D786_COUNTRY_1033,0.91203403
2023-05-01,BRAND_D786_COUNTRY_1033,0.9144878
2023-06-01,BRAND_D786_COUNTRY_1033,0.9361561
2023-07-01,BRAND_D786_COUNTRY_1033,0.9497219
2023-08-01,BRAND_D786_COUNTRY_1033,0.87876254
2023-09-01,BRAND_D786_COUNTRY_1033,0.92048514
2023-10-01,BRAND_D786_COUNTRY_1033,0.96569306
2023-11-01,BRAND_D786_COUNTRY_1033,1.0216317
2023-12-01,BRAND_D786_COUNTRY_1033,1.1016088
2023-02-01,BRAND_C352_COUNTRY_6B71,1.0592074
2023-03-01,BRAND_C352_COUNTRY_6B71,0.9731165
2023-04-01,BRAND_C352_COUNTRY_6B71,1.0314465
2023-05-01,BRAND_C352_COUNTRY_6B71,1.0357761
2023-06-01,BRAND_C352_COUNTRY_6B71,1.0630628
2023-07-01,BRAND_C352_COUNTRY_6B71,1.0732502
2023-08-01,BRAND_C352_COUNTRY_6B71,1.0606867
2023-09-01,BRAND_C352_COUNTRY_6B71,1.0755264
2023-10-01,BRAND_C352_COUNTRY_6B71,1.0916638
2023-11-01,BRAND_C352_COUNTRY_6B71,1.0987904
2023-12-01,BRAND_C352_COUNTRY_6B71,1.0823649
2023-02-01,BRAND_5E80_COUNTRY_4D48,1.8200768
2023-03-01,BRAND_5E80_COUNTRY_4D48,1.8207364
2023-04-01,BRAND_5E80_COUNTRY_4D48,2.0711222
2023-05-01,BRAND_5E80_COUNTRY_4D48,2.576839
2023-06-01,BRAND_5E80_COUNTRY_4D48,2.3617125
2023-07-01,BRAND_5E80_COUNTRY_4D48,2.445293
2023-08-01,BRAND_5E80_COUNTRY_4D48,2.2708757
2023-09-01,BRAND_5E80_COUNTRY_4D48,2.3788671
2023-10-01,BRAND_5E80_COUNTRY_4D48,2.305708
2023-11-01,BRAND_5E80_COUNTRY_4D48,2.4934163
2023-12-01,BRAND_5E80_COUNTRY_4D48,2.6051574
2023-02-01,BRAND_056A_COUNTRY_89F9,1.7786405
2023-03-01,BRAND_056A_COUNTRY_89F9,2.5481818
2023-04-01,BRAND_056A_COUNTRY_89F9,2.6625407
2023-05-01,BRAND_056A_COUNTRY_89F9,2.6513627
2023-06-01,BRAND_056A_COUNTRY_89F9,2.78103
2023-07-01,BRAND_056A_COUNTRY_89F9,2.7195716
2023-08-01,BRAND_056A_COUNTRY_89F9,2.6668708
2023-09-01,BRAND_056A_COUNTRY_89F9,2.7360423
2023-10-01,BRAND_056A_COUNTRY_89F9,2.7974253
2023-11-01,BRAND_056A_COUNTRY_89F9,2.9749112
2023-12-01,BRAND_056A_COUNTRY_89F9,3.0630262
2023-03-01,BRAND_056A_COUNTRY_C8F4,1.1105635
2023-04-01,BRAND_056A_COUNTRY_C8F4,1.1025921
2023-05-01,BRAND_056A_COUNTRY_C8F4,1.0684422
2023-06-01,BRAND_056A_COUNTRY_C8F4,1.0918564
2023-07-01,BRAND_056A_COUNTRY_C8F4,1.1775035
2023-08-01,BRAND_056A_COUNTRY_C8F4,1.1421046
2023-09-01,BRAND_056A_COUNTRY_C8F4,1.1461458
2023-10-01,BRAND_056A_COUNTRY_C8F4,1.1135131
2023-11-01,BRAND_056A_COUNTRY_C8F4,1.1144809
2023-12-01,BRAND_056A_COUNTRY_C8F4,1.1288118
2023-03-01,BRAND_9259_COUNTRY_06E4,0.8288636
2023-04-01,BRAND_9259_COUNTRY_06E4,0.79244894
2023-05-01,BRAND_9259_COUNTRY_06E4,0.8400305
2023-06-01,BRAND_9259_COUNTRY_06E4,0.8393971
2023-07-01,BRAND_9259_COUNTRY_06E4,0.8717913
2023-08-01,BRAND_9259_COUNTRY_06E4,0.83831394
2023-09-01,BRAND_9259_COUNTRY_06E4,0.8772195
2023-10-01,BRAND_9259_COUNTRY_06E4,0.9071634
2023-11-01,BRAND_9259_COUNTRY_06E4,0.97425675
2023-12-01,BRAND_9259_COUNTRY_06E4,1.06004
2023-03-01,BRAND_248D_COUNTRY_C89B,0.82066816
2023-04-01,BRAND_248D_COUNTRY_C89B,0.8207436
2023-05-01,BRAND_248D_COUNTRY_C89B,0.87828714
2023-06-01,BRAND_248D_COUNTRY_C89B,0.87758726
2023-07-01,BRAND_248D_COUNTRY_C89B,0.82360256
2023-08-01,BRAND_248D_COUNTRY_C89B,0.8139836
2023-09-01,BRAND_248D_COUNTRY_C89B,0.8079529
2023-10-01,BRAND_248D_COUNTRY_C89B,0.815662
2023-11-01,BRAND_248D_COUNTRY_C89B,0.80413216
2023-12-01,BRAND_248D_COUNTRY_C89B,0.8177334
2023-03-01,BRAND_056A_COUNTRY_A67D,0.97224844
2023-04-01,BRAND_056A_COUNTRY_A67D,0.9559592
2023-05-01,BRAND_056A_COUNTRY_A67D,0.9679369
2023-06-01,BRAND_056A_COUNTRY_A67D,1.0182693
2023-07-01,BRAND_056A_COUNTRY_A67D,1.1347332
2023-08-01,BRAND_056A_COUNTRY_A67D,1.0617934
2023-09-01,BRAND_056A_COUNTRY_A67D,1.0657898
2023-10-01,BRAND_056A_COUNTRY_A67D,1.0461649
2023-11-01,BRAND_056A_COUNTRY_A67D,1.1183529
2023-12-01,BRAND_056A_COUNTRY_A67D,1.1306686
2023-03-01,BRAND_E57A_COUNTRY_8B47,1.0713328
2023-04-01,BRAND_E57A_COUNTRY_8B47,1.0682696
2023-05-01,BRAND_E57A_COUNTRY_8B47,1.1291736
2023-06-01,BRAND_E57A_COUNTRY_8B47,1.1331042
2023-07-01,BRAND_E57A_COUNTRY_8B47,1.1313033
2023-08-01,BRAND_E57A_COUNTRY_8B47,1.1219255
2023-09-01,BRAND_E57A_COUNTRY_8B47,1.1257234
2023-10-01,BRAND_E57A_COUNTRY_8B47,1.1259563
2023-11-01,BRAND_E57A_COUNTRY_8B47,1.1318316
2023-12-01,BRAND_E57A_COUNTRY_8B47,1.1376486
2023-04-01,BRAND_056A_COUNTRY_5180,0.8505856
2023-05-01,BRAND_056A_COUNTRY_5180,0.8710607
2023-06-01,BRAND_056A_COUNTRY_5180,0.8890157
2023-07-01,BRAND_056A_COUNTRY_5180,0.9376937
2023-08-01,BRAND_056A_COUNTRY_5180,0.92579645
2023-09-01,BRAND_056A_COUNTRY_5180,0.9215795
2023-10-01,BRAND_056A_COUNTRY_5180,1.0061773
2023-11-01,BRAND_056A_COUNTRY_5180,1.0556132
2023-12-01,BRAND_056A_COUNTRY_5180,1.1922956
2023-04-01,BRAND_056A_COUNTRY_445D,1.0372034
2023-05-01,BRAND_056A_COUNTRY_445D,0.9676158
2023-06-01,BRAND_056A_COUNTRY_445D,1.0624568
2023-07-01,BRAND_056A_COUNTRY_445D,1.0977281
2023-08-01,BRAND_056A_COUNTRY_445D,0.9900878
2023-09-01,BRAND_056A_COUNTRY_445D,1.1009649
2023-10-01,BRAND_056A_COUNTRY_445D,1.2593815
2023-11-01,BRAND_056A_COUNTRY_445D,1.2328161
2023-12-01,BRAND_056A_COUNTRY_445D,1.1933092
2023-04-01,BRAND_740F_COUNTRY_9488,0.9878339
2023-05-01,BRAND_740F_COUNTRY_9488,0.9928791
2023-06-01,BRAND_740F_COUNTRY_9488,1.00171
2023-07-01,BRAND_740F_COUNTRY_9488,0.99386877
2023-08-01,BRAND_740F_COUNTRY_9488,0.9800831
2023-09-01,BRAND_740F_COUNTRY_9488,0.97998106
2023-10-01,BRAND_740F_COUNTRY_9488,1.0727155
2023-11-01,BRAND_740F_COUNTRY_9488,1.0586303
2023-12-01,BRAND_740F_COUNTRY_9488,1.0399637
2023-04-01,BRAND_E57A_COUNTRY_9488,0.98499006
2023-05-01,BRAND_E57A_COUNTRY_9488,0.99159515
2023-06-01,BRAND_E57A_COUNTRY_9488,1.0004258
2023-07-01,BRAND_E57A_COUNTRY_9488,0.99258465
2023-08-01,BRAND_E57A_COUNTRY_9488,0.97166175
2023-09-01,BRAND_E57A_COUNTRY_9488,0.9715598
2023-10-01,BRAND_E57A_COUNTRY_9488,1.0624199
2023-11-01,BRAND_E57A_COUNTRY_9488,1.0681206
2023-12-01,BRAND_E57A_COUNTRY_9488,1.0535623
2023-05-01,BRAND_C352_COUNTRY_907E,1.542779
2023-06-01,BRAND_C352_COUNTRY_907E,1.6139816
2023-07-01,BRAND_C352_COUNTRY_907E,1.5558395
2023-08-01,BRAND_C352_COUNTRY_907E,1.510106
2023-09-01,BRAND_C352_COUNTRY_907E,1.5951322
2023-10-01,BRAND_C352_COUNTRY_907E,1.6319805
2023-11-01,BRAND_C352_COUNTRY_907E,1.6441787
2023-12-01,BRAND_C352_COUNTRY_907E,1.616986
2023-05-01,BRAND_D786_COUNTRY_4D48,1.0220169
2023-06-01,BRAND_D786_COUNTRY_4D48,1.0244832
2023-07-01,BRAND_D786_COUNTRY_4D48,0.9144383
2023-08-01,BRAND_D786_COUNTRY_4D48,0.9082534
2023-09-01,BRAND_D786_COUNTRY_4D48,0.99528456
2023-10-01,BRAND_D786_COUNTRY_4D48,0.9987051
2023-11-01,BRAND_D786_COUNTRY_4D48,1.0487634
2023-12-01,BRAND_D786_COUNTRY_4D48,1.0309811
2023-05-01,BRAND_056A_COUNTRY_4242,0.9413691
2023-06-01,BRAND_056A_COUNTRY_4242,0.986027
2023-07-01,BRAND_056A_COUNTRY_4242,1.0754639
2023-08-01,BRAND_056A_COUNTRY_4242,1.0001744
2023-09-01,BRAND_056A_COUNTRY_4242,1.002651
2023-10-01,BRAND_056A_COUNTRY_4242,0.93223476
2023-11-01,BRAND_056A_COUNTRY_4242,0.99029285
2023-12-01,BRAND_056A_COUNTRY_4242,1.0866307
2023-05-01,BRAND_9259_COUNTRY_E319,0.9171137
2023-06-01,BRAND_9259_COUNTRY_E319,0.84031546
2023-07-01,BRAND_9259_COUNTRY_E319,0.88332874
2023-08-01,BRAND_9259_COUNTRY_E319,0.9284336
2023-09-01,BRAND_9259_COUNTRY_E319,0.9347702
2023-10-01,BRAND_9259_COUNTRY_E319,0.9375072
2023-11-01,BRAND_9259_COUNTRY_E319,0.9243323
2023-12-01,BRAND_9259_COUNTRY_E319,1.0097641
2023-05-01,BRAND_F649_COUNTRY_C8F4,1.0272158
2023-06-01,BRAND_F649_COUNTRY_C8F4,1.0340011
2023-07-01,BRAND_F649_COUNTRY_C8F4,1.0405229
2023-08-01,BRAND_F649_COUNTRY_C8F4,1.0231416
2023-09-01,BRAND_F649_COUNTRY_C8F4,1.0244455
2023-10-01,BRAND_F649_COUNTRY_C8F4,1.0382359
2023-11-01,BRAND_F649_COUNTRY_C8F4,1.035739
2023-12-01,BRAND_F649_COUNTRY_C8F4,1.0566168
2023-05-01,BRAND_C352_COUNTRY_0C7D,1.0113937
2023-06-01,BRAND_C352_COUNTRY_0C7D,0.9014514
2023-07-01,BRAND_C352_COUNTRY_0C7D,0.90682167
2023-08-01,BRAND_C352_COUNTRY_0C7D,0.85831106
2023-09-01,BRAND_C352_COUNTRY_0C7D,0.875074
2023-10-01,BRAND_C352_COUNTRY_0C7D,0.9270277
2023-11-01,BRAND_C352_COUNTRY_0C7D,0.93062794
2023-12-01,BRAND_C352_COUNTRY_0C7D,0.9547986
2023-05-01,BRAND_056A_COUNTRY_6B71,0.87460244
2023-06-01,BRAND_056A_COUNTRY_6B71,0.8924011
2023-07-01,BRAND_056A_COUNTRY_6B71,0.9578832
2023-08-01,BRAND_056A_COUNTRY_6B71,0.94265324
2023-09-01,BRAND_056A_COUNTRY_6B71,0.97147435
2023-10-01,BRAND_056A_COUNTRY_6B71,0.9738684
2023-11-01,BRAND_056A_COUNTRY_6B71,1.0357126
2023-12-01,BRAND_056A_COUNTRY_6B71,1.0202173
2023-05-01,BRAND_056A_COUNTRY_5A54,0.9299654
2023-06-01,BRAND_056A_COUNTRY_5A54,0.94561577
2023-07-01,BRAND_056A_COUNTRY_5A54,0.9929869
2023-08-01,BRAND_056A_COUNTRY_5A54,0.9787522
2023-09-01,BRAND_056A_COUNTRY_5A54,1.0084178
2023-10-01,BRAND_056A_COUNTRY_5A54,0.9920658
2023-11-01,BRAND_056A_COUNTRY_5A54,1.0471998
2023-12-01,BRAND_056A_COUNTRY_5A54,1.0783299
2023-05-01,BRAND_7BEC_COUNTRY_4253,2.5429022
2023-06-01,BRAND_7BEC_COUNTRY_4253,1.804806
2023-07-01,BRAND_7BEC_COUNTRY_4253,2.1063874
2023-08-01,BRAND_7BEC_COUNTRY_4253,2.3405282
2023-09-01,BRAND_7BEC_COUNTRY_4253,2.3266418
2023-10-01,BRAND_7BEC_COUNTRY_4253,2.8723917
2023-11-01,BRAND_7BEC_COUNTRY_4253,3.485079
2023-12-01,BRAND_7BEC_COUNTRY_4253,3.4945307
2023-05-01,BRAND_056A_COUNTRY_06E4,0.58092713
2023-06-01,BRAND_056A_COUNTRY_06E4,0.58029366
2023-07-01,BRAND_056A_COUNTRY_06E4,0.6335566
2023-08-01,BRAND_056A_COUNTRY_06E4,0.5998566
2023-09-01,BRAND_056A_COUNTRY_06E4,0.6339299
2023-10-01,BRAND_056A_COUNTRY_06E4,0.67343557
2023-11-01,BRAND_056A_COUNTRY_06E4,0.73927754
2023-12-01,BRAND_056A_COUNTRY_06E4,0.84009135
2023-05-01,BRAND_F649_COUNTRY_D5B9,0.72668
2023-06-01,BRAND_F649_COUNTRY_D5B9,0.7099978
2023-07-01,BRAND_F649_COUNTRY_D5B9,0.6979465
2023-08-01,BRAND_F649_COUNTRY_D5B9,0.67363995
2023-09-01,BRAND_F649_COUNTRY_D5B9,0.5928338
2023-10-01,BRAND_F649_COUNTRY_D5B9,0.520468
2023-11-01,BRAND_F649_COUNTRY_D5B9,0.5333818
2023-12-01,BRAND_F649_COUNTRY_D5B9,0.5635095
2023-06-01,BRAND_F649_COUNTRY_221C,1.044212
2023-07-01,BRAND_F649_COUNTRY_221C,1.135881
2023-08-01,BRAND_F649_COUNTRY_221C,1.0603052
2023-09-01,BRAND_F649_COUNTRY_221C,1.0814142
2023-10-01,BRAND_F649_COUNTRY_221C,1.1295339
2023-11-01,BRAND_F649_COUNTRY_221C,1.178211
2023-12-01,BRAND_F649_COUNTRY_221C,1.2054543
2023-06-01,BRAND_7250_COUNTRY_D8B0,2.8489335
2023-07-01,BRAND_7250_COUNTRY_D8B0,3.3128314
2023-08-01,BRAND_7250_COUNTRY_D8B0,3.0876682
2023-09-01,BRAND_7250_COUNTRY_D8B0,3.4569886
2023-10-01,BRAND_7250_COUNTRY_D8B0,2.3994064
2023-11-01,BRAND_7250_COUNTRY_D8B0,2.6989741
2023-12-01,BRAND_7250_COUNTRY_D8B0,2.6552162
2023-06-01,BRAND_056A_COUNTRY_1007,2.0368466
2023-07-01,BRAND_056A_COUNTRY_1007,1.9769312
2023-08-01,BRAND_056A_COUNTRY_1007,1.7738594
2023-09-01,BRAND_056A_COUNTRY_1007,2.0894191
2023-10-01,BRAND_056A_COUNTRY_1007,2.1190424
2023-11-01,BRAND_056A_COUNTRY_1007,1.9946244
2023-12-01,BRAND_056A_COUNTRY_1007,2.0971837
2023-07-01,BRAND_FEAE_COUNTRY_77DA,0.997796
2023-08-01,BRAND_FEAE_COUNTRY_77DA,0.9620669
2023-09-01,BRAND_FEAE_COUNTRY_77DA,0.91398203
2023-10-01,BRAND_FEAE_COUNTRY_77DA,0.87342316
2023-11-01,BRAND_FEAE_COUNTRY_77DA,0.87815166
2023-12-01,BRAND_FEAE_COUNTRY_77DA,0.89350647
2023-07-01,BRAND_9259_COUNTRY_EA71,0.9808336
2023-08-01,BRAND_9259_COUNTRY_EA71,0.8708287
2023-09-01,BRAND_9259_COUNTRY_EA71,0.8791658
2023-10-01,BRAND_9259_COUNTRY_EA71,0.8544598
2023-11-01,BRAND_9259_COUNTRY_EA71,0.9893354
2023-12-01,BRAND_9259_COUNTRY_EA71,0.93597156
2023-07-01,BRAND_9259_COUNTRY_0C7D,1.0584673
2023-08-01,BRAND_9259_COUNTRY_0C7D,0.99619156
2023-09-01,BRAND_9259_COUNTRY_0C7D,1.0149444
2023-10-01,BRAND_9259_COUNTRY_0C7D,1.104243
2023-11-01,BRAND_9259_COUNTRY_0C7D,1.1158004
2023-12-01,BRAND_9259_COUNTRY_0C7D,1.1143278
2023-07-01,BRAND_056A_COUNTRY_3536,0.92045903
2023-08-01,BRAND_056A_COUNTRY_3536,0.8852067
2023-09-01,BRAND_056A_COUNTRY_3536,0.91703147
2023-10-01,BRAND_056A_COUNTRY_3536,0.88980216
2023-11-01,BRAND_056A_COUNTRY_3536,0.87007505
2023-12-01,BRAND_056A_COUNTRY_3536,0.8751645
